,Rank,Player,Team,Pos,Age,G,GS,passCmp,passAtt,passYds,passTD,passInt,rushAtt,rushYds,rushYPA,rushTD,Tgt,Rec,recYds,recYPR,recTD,Fmb,FL,TD,2PM,2PP,FantPt,PPR,DKPt,FDPt,VBD,PosRank,OvRank,ID
0,1,Aaron Rodgers*+,GNB,QB,28,15,15,343,502,4643,45,6,60,257,4.28,3,0,0,0,,0,4,,3,,,397,397.4,409.4,403.4,175,1,1,RodgAa00
1,2,Drew Brees*,NOR,QB,32,16,16,468,657,5476,46,14,21,86,4.10,1,0,0,0,,0,1,1,1,,3,394,393.6,411.6,407.6,171,2,2,BreeDr00
2,3,Ray Rice*,BAL,RB,24,16,16,1,1,1,1,0,291,1364,4.69,12,104,76,704,9.26,3,2,2,15,,,297,372.8,380.8,334.8,149,1,3,RiceRa00
3,4,Calvin Johnson*+,DET,WR,26,16,16,0,0,0,0,0,1,11,11.00,0,158,96,1681,17.51,16,1,1,16,,,263,359.2,363.2,311.2,148,1,4,JohnCa00
4,5,Cam Newton*,CAR,QB,22,16,16,310,517,4051,21,17,126,706,5.60,14,1,1,27,27.00,0,5,2,14,,2,369,370.3,395.3,386.8,147,3,5,NewtCa00
5,6,Rob Gronkowski*+,NWE,TE,22,16,16,0,0,0,0,0,1,2,2.00,1,124,90,1327,14.74,17,0,,18,,,241,330.9,333.9,285.9,145,1,6,GronRo00
6,7,Tom Brady*,NWE,QB,34,16,16,401,611,5235,39,12,43,109,2.53,3,0,0,0,,0,6,2,3,,,366,366.3,386.3,378.3,144,4,7,BradTo00
7,8,LeSean McCoy*+,PHI,RB,23,15,15,0,0,0,0,0,273,1309,4.79,17,69,48,315,6.56,3,1,1,20,,,280,328.4,335.4,304.4,133,2,8,McCoLe01
8,9,Matthew Stafford,DET,QB,23,16,16,421,663,5038,41,16,22,78,3.55,0,0,0,0,,0,5,1,0,,2,343,343.3,363.3,359.3,121,5,9,StafMa00
9,10,Maurice Jones-Drew*+,JAX,RB,26,16,16,0,0,0,0,0,343,1606,4.68,8,64,43,374,8.70,3,6,1,11,,,262,305.0,312.0,283.5,115,3,10,DrewMa00
10,11,Arian Foster*,HOU,RB,25,13,13,0,0,0,0,0,278,1224,4.40,10,72,53,617,11.64,2,5,2,12,,,252,305.1,313.1,278.6,105,4,11,FostAr00
11,12,Jordy Nelson,GNB,WR,26,16,9,0,0,0,0,0,0,0,,0,96,68,1263,18.57,15,0,,15,,,216,284.3,287.3,250.3,101,2,12,NelsJo00
12,13,Jimmy Graham*,NOR,TE,25,16,11,0,0,0,0,0,0,0,,0,149,99,1310,13.23,11,1,1,11,,,195,294.0,298.0,244.5,99,2,13,GrahJi00
13,14,Wes Welker*+,NWE,WR,30,16,15,0,0,0,0,0,4,30,7.50,0,173,122,1569,12.86,9,1,,9,,,214,335.9,338.9,274.9,98,3,14,WelkWe00
14,15,Victor Cruz,NYG,WR,25,16,7,0,0,0,0,0,1,3,3.00,0,131,82,1536,18.73,9,1,1,9,,,206,287.9,291.9,246.9,90,4,15,CruzVi00
15,16,Larry Fitzgerald*,ARI,WR,28,16,16,0,0,0,0,0,0,0,,0,154,80,1411,17.64,8,0,,8,,,189,269.1,272.1,229.1,74,5,16,FitzLa00
16,17,Steve Smith Sr.*,CAR,WR,32,16,16,0,0,0,0,0,6,56,9.33,0,129,79,1394,17.65,7,3,2,7,1,,185,264.0,269.0,224.5,69,6,17,SmitSt01
17,18,Marshawn Lynch*,SEA,RB,25,15,15,0,2,0,0,0,285,1204,4.22,12,41,28,212,7.57,1,3,2,13,,,216,243.6,251.6,229.6,68,5,18,LyncMa00
18,19,Percy Harvin,MIN,WR,23,16,14,0,0,0,0,0,52,345,6.63,2,121,87,967,11.11,6,2,2,9,,,181,268.2,276.2,224.7,66,7,19,HarvPe00
19,20,Michael Turner,ATL,RB,29,16,15,0,0,0,0,0,301,1340,4.45,11,26,17,168,9.88,0,3,2,11,,,213,229.8,237.8,221.3,65,6,20,TurnMi00
20,21,Roddy White*,ATL,WR,30,16,16,0,0,0,0,0,0,0,,0,180,100,1296,12.96,8,0,,8,,,178,277.6,280.6,227.6,62,8,21,WhitRo00
21,22,Eli Manning*,NYG,QB,30,16,16,359,589,4933,29,16,35,15,0.43,1,0,0,0,,0,8,4,1,,,281,280.8,303.8,296.8,58,6,22,MannEl00
22,23,Mike Wallace*,PIT,WR,25,16,14,0,0,0,0,0,5,57,11.40,0,114,72,1193,16.57,8,1,1,8,,,171,243.0,247.0,207.0,55,9,23,WallMi00
23,24,Vincent Jackson*,SDG,WR,28,16,16,0,0,0,0,0,3,51,17.00,0,115,60,1106,18.43,9,0,,9,,,170,229.7,232.7,199.7,54,10,24,JackVi00
24,25,Tony Romo,DAL,QB,31,16,16,346,522,4184,31,10,22,46,2.09,1,0,0,0,,0,6,3,1,,,276,276.0,292.0,286.0,53,7,25,RomoTo00
25,26,Matt Ryan,ATL,QB,26,16,16,347,566,4177,29,12,37,84,2.27,2,0,0,0,,0,5,3,2,,,273,273.5,291.5,285.5,51,8,26,RyanMa00
26,27,Hakeem Nicks,NYG,WR,23,15,15,0,0,0,0,0,0,0,,0,133,76,1192,15.68,7,0,,7,,,161,237.2,240.2,199.2,46,11,27,NickHa01
27,28,Marques Colston,NOR,WR,28,14,7,0,0,0,0,0,0,0,,0,107,80,1143,14.29,8,1,1,8,,,160,240.3,244.3,200.3,45,12,28,ColsMa00
28,29,Darren Sproles,NOR,RB,28,16,4,0,0,0,0,0,87,603,6.93,2,111,86,710,8.26,7,0,,10,,,191,277.3,283.3,234.3,44,7,29,SproDa00
30,30,Adrian Peterson,MIN,RB,26,12,12,0,0,0,0,0,208,970,4.66,12,24,18,139,7.72,1,1,,13,,,189,206.9,212.9,197.9,42,8,30,PeteAd01
31,31,Brandon Marshall*,MIA,WR,27,16,16,0,0,0,0,0,1,13,13.00,0,141,81,1214,14.99,6,1,1,6,,,157,237.7,241.7,197.2,41,13,31,MarsBr00
32,32,Aaron Hernandez,NWE,TE,22,14,12,0,0,0,0,0,5,45,9.00,0,113,79,910,11.52,7,1,1,7,,,136,214.5,218.5,175.0,40,3,32,HernAa00
33,33,Ryan Mathews*,SDG,RB,24,14,14,0,0,0,0,0,222,1091,4.91,6,59,50,455,9.10,0,5,2,6,,,187,236.6,244.6,211.6,39,9,33,MathRy00
34,34,Michael Bush,OAK,RB,27,16,9,0,0,0,0,0,256,977,3.82,7,47,37,418,11.30,1,1,1,8,,,186,222.5,229.5,204.0,38,10,34,BushMi00
35,35,A.J. Green*,CIN,WR,23,15,15,0,0,0,0,0,5,53,10.60,0,115,65,1057,16.26,7,1,,7,,,153,218.0,221.0,185.5,37,14,35,GreeA.00
36,36,Laurent Robinson,DAL,WR,26,14,4,0,0,0,0,0,0,0,,0,80,54,858,15.89,11,0,,11,,,152,205.8,208.8,178.8,36,15,36,RobiLa01
37,37,Nate Washington,TEN,WR,28,16,15,0,0,0,0,0,2,5,2.50,1,121,74,1023,13.82,7,0,,8,,,151,224.8,227.8,187.8,35,16,37,WashNa00
38,38,Steven Jackson,STL,RB,28,15,15,0,0,0,0,0,260,1145,4.40,5,58,42,333,7.93,1,2,1,6,,,182,223.8,230.8,202.8,34,11,38,JackSt00
39,39,Tony Gonzalez*,ATL,TE,35,16,16,0,0,0,0,0,0,0,,0,116,80,875,10.94,7,0,,7,,,130,209.5,212.5,169.5,34,4,39,GonzTo00
40,40,Greg Jennings*,GNB,WR,28,13,13,0,0,0,0,0,0,0,,0,101,67,949,14.16,9,0,,9,,,149,215.9,218.9,182.4,33,17,40,JennGr00
41,41,Julio Jones,ATL,WR,22,13,13,0,0,0,0,0,6,56,9.33,0,95,54,959,17.76,8,1,1,8,,,148,201.5,205.5,174.5,32,18,41,JoneJu02
42,42,Philip Rivers*,SDG,QB,30,16,16,366,582,4624,27,20,26,36,1.38,1,0,0,0,,0,9,5,1,,1,255,254.6,282.6,274.6,32,9,42,RivePh00
43,43,Dwayne Bowe,KAN,WR,27,16,14,0,0,0,0,0,1,12,12.00,0,142,81,1159,14.31,5,1,,5,,,147,228.1,231.1,187.6,32,19,43,BoweDw00
44,44,Frank Gore*,SFO,RB,28,16,15,0,0,0,0,0,282,1211,4.29,8,31,17,114,6.71,0,2,2,8,,,177,193.5,201.5,185.0,29,12,44,GoreFr00
45,45,Jermichael Finley,GNB,TE,24,16,13,0,0,0,0,0,0,0,,0,92,55,767,13.95,8,0,,8,,,125,179.7,182.7,152.2,29,5,45,FinlJe00
46,46,Reggie Bush,MIA,RB,26,15,15,0,0,0,0,0,216,1086,5.03,6,52,43,296,6.88,1,4,2,7,,,176,219.2,227.2,197.7,29,13,46,BushRe00
47,47,Jason Witten,DAL,TE,29,16,16,0,0,0,0,0,0,0,,0,117,79,942,11.92,5,1,,5,,,124,203.2,206.2,163.7,28,6,47,WittJa00
48,48,Dez Bryant,DAL,WR,23,15,13,0,0,0,0,0,1,5,5.00,0,103,63,928,14.73,9,3,2,9,,,143,206.3,211.3,174.8,28,20,48,BryaDe01
49,49,Steve Johnson,BUF,WR,25,16,16,0,0,0,0,0,0,0,,0,134,76,1004,13.21,7,0,,7,,,142,218.4,221.4,180.4,27,21,49,JohnSt00
50,50,Antonio Gates*,SDG,TE,31,13,13,0,0,0,0,0,0,0,,0,88,64,778,12.16,7,0,,7,,,120,183.8,186.8,151.8,24,7,50,GateAn00
51,51,Fred Jackson,BUF,RB,30,10,10,0,0,0,0,0,170,934,5.49,6,50,39,442,11.33,0,2,2,6,,,170,208.6,216.6,189.1,22,14,51,JackFr02
52,52,Matt Forte*,CHI,RB,26,12,12,0,1,0,0,0,203,997,4.91,3,76,52,490,9.42,1,2,2,4,,,169,220.7,228.7,194.7,21,15,52,FortMa00
53,53,Chris Johnson,TEN,RB,26,16,16,0,0,0,0,0,262,1047,4.00,4,79,57,418,7.33,0,3,1,4,,,169,225.5,232.5,197.0,21,16,53,JohnCh04
54,54,Beanie Wells,ARI,RB,23,14,14,0,0,0,0,0,245,1047,4.27,10,16,10,52,5.20,0,4,2,10,,,166,175.9,180.9,170.9,19,17,54,WellCh00
55,55,Antonio Brown*,PIT,WR,23,16,3,0,0,0,0,0,7,41,5.86,0,124,69,1108,16.06,2,0,,3,,,133,201.9,204.9,167.4,17,22,55,BrowAn04
56,56,Vernon Davis,SFO,TE,27,16,16,0,0,0,0,0,2,-5,-2.50,0,95,67,792,11.82,6,3,1,6,,,113,179.7,183.7,146.2,17,8,56,DaviVe00
57,57,Brent Celek,PHI,TE,26,16,16,0,0,0,0,0,0,0,,0,98,62,811,13.08,5,0,,5,,,111,173.1,176.1,142.1,15,9,57,CeleBr00
58,58,Shonn Greene,NYJ,RB,26,16,15,0,0,0,0,0,253,1054,4.17,6,41,30,211,7.03,0,1,,6,,,163,192.5,198.5,177.5,15,18,58,GreeSh00
59,59,Mark Sanchez,NYJ,QB,25,16,16,308,543,3474,26,18,37,103,2.78,6,0,0,0,,0,10,8,6,,,237,237.3,269.3,255.3,14,10,59,SancMa00
61,60,Torrey Smith,BAL,WR,22,16,14,0,0,0,0,0,4,39,9.75,0,95,50,841,16.82,7,1,,7,,,130,180.0,183.0,155.0,14,23,60,SmitTo02
62,61,Pierre Garcon,IND,WR,25,16,16,0,0,0,0,0,4,28,7.00,0,134,70,947,13.53,6,2,2,6,,,130,199.5,204.5,164.5,14,24,61,GarcPi00
63,62,Dustin Keller,NYJ,TE,27,16,12,0,0,0,0,0,0,0,,0,115,65,815,12.54,5,1,1,5,,,110,174.5,178.5,142.0,14,10,62,KellDu00
64,63,Rashard Mendenhall,PIT,RB,24,15,15,0,0,0,0,0,228,928,4.07,9,28,18,154,8.56,0,1,1,9,,,160,178.2,185.2,169.2,13,19,63,MendRa00
65,64,Brandon Pettigrew,DET,TE,26,16,16,0,0,0,0,0,0,0,,0,126,83,777,9.36,5,0,,5,,,108,190.7,193.7,149.2,12,11,64,PettBr00
66,65,Ahmad Bradshaw,NYG,RB,25,12,9,0,0,0,0,0,171,659,3.85,9,44,34,267,7.85,2,1,1,11,1,,159,192.6,199.6,175.6,11,20,65,BradAh00
67,66,Brandon Lloyd,2TM,WR,30,15,14,0,1,0,0,0,0,0,,0,148,70,966,13.80,5,1,,5,,,127,196.6,199.6,161.6,11,25,66,LloyBr00
68,67,Michael Vick,PHI,QB,31,13,13,253,423,3303,18,14,76,589,7.75,1,0,0,0,,0,10,4,1,,,233,233.0,257.0,247.0,10,11,67,VickMi00
69,68,DeSean Jackson,PHI,WR,25,15,15,0,0,0,0,0,7,41,5.86,0,104,58,961,16.57,4,1,,4,,,124,182.2,185.2,153.2,9,26,68,JackDe00
70,69,Jabar Gaffney,WAS,WR,31,16,15,0,0,0,0,0,0,0,,0,114,68,947,13.93,5,1,1,5,,,123,190.7,194.7,156.7,7,27,69,GaffJa00
71,70,Reggie Wayne,IND,WR,33,16,16,0,0,0,0,0,0,0,,0,132,75,960,12.80,4,0,,4,,,120,195.0,198.0,157.5,4,28,70,WaynRe00
72,71,Darrius Heyward-Bey,OAK,WR,24,15,14,0,0,0,0,0,0,0,,0,115,64,975,15.23,4,1,1,4,,,120,183.5,187.5,151.5,4,29,71,HeywDa00
73,72,Willis McGahee*,DEN,RB,30,15,14,0,0,0,0,0,249,1199,4.82,4,20,12,51,4.25,1,4,3,5,1,,151,163.0,169.0,157.0,4,21,72,McGaWi00
74,73,Mike Tolbert,SDG,RB,26,15,1,0,0,0,0,0,121,490,4.05,8,79,54,433,8.02,2,2,1,10,,,150,204.3,211.3,177.3,3,22,73,TolbMi00
75,74,BenJarvus Green-Ellis,NWE,RB,26,16,6,0,0,0,0,0,181,667,3.69,11,13,9,159,17.67,0,0,,11,,,149,157.6,163.6,153.1,1,23,74,GreeBe00
76,75,Marquis Johnson,STL,,23,3,0,0,0,0,0,0,0,0,,0,0,0,0,,0,,,0,,,,,,,,2,75,JohnMa99
77,76,Korey Hall,NOR,,28,13,0,0,0,0,0,0,0,0,,0,0,0,0,,0,,,0,,,,,,,,1,76,HallKo99
78,77,Malcom Floyd,SDG,WR,30,12,9,0,0,0,0,0,0,0,,0,70,43,856,19.91,5,0,,5,,,116,158.6,161.6,137.1,,30,77,FloyMa00
79,78,David Nelson,BUF,TE,25,16,13,0,0,0,0,0,0,0,,0,97,61,658,10.79,5,0,,5,,,96,156.8,159.8,126.3,,12,78,NelsDa01
80,79,Ryan Fitzpatrick,BUF,QB,29,16,16,353,569,3832,24,23,56,215,3.84,0,0,0,0,,0,7,2,0,1,,223,222.8,253.8,245.8,,12,,FitzRy00
81,80,Ben Roethlisberger*,PIT,QB,29,15,15,324,513,4077,21,14,31,70,2.26,0,0,0,0,,0,8,5,0,,,216,216.1,238.1,230.1,,13,,RoetBe00
82,81,Alex Smith,SFO,QB,27,16,16,273,445,3144,17,5,52,179,3.44,2,0,0,0,,0,7,2,2,,1,212,211.7,224.7,216.7,,14,,SmitAl03
83,82,Andy Dalton*,CIN,QB,24,16,16,300,516,3398,20,13,37,152,4.11,1,1,0,0,,0,4,2,1,,,207,207.1,228.1,220.1,,15,,DaltAn00
84,83,Josh Freeman,TAM,QB,23,15,15,346,551,3592,16,22,55,238,4.33,4,1,0,-4,,0,9,5,4,,2,205,205.1,238.1,227.1,,16,,FreeJo00
85,84,Joe Flacco,BAL,QB,26,16,16,312,542,3610,20,12,39,88,2.26,1,1,1,-8,-8.00,0,11,6,1,,,202,203.4,224.4,214.9,,17,,FlacJo00
86,85,Tim Tebow,DEN,QB,24,14,11,126,271,1729,12,6,122,660,5.41,6,0,0,0,,0,13,6,6,2,,199,199.2,217.2,205.2,,18,,TeboTi00
87,86,Matt Hasselbeck,TEN,QB,36,16,16,319,518,3571,18,14,20,52,2.60,0,0,0,0,,0,4,1,0,,,190,190.0,208.0,204.0,,19,,HassMa00
88,87,Tarvaris Jackson,SEA,QB,28,15,14,271,450,3091,14,13,40,108,2.70,1,0,0,0,,0,9,4,1,,,162,162.4,185.4,175.4,,20,,JackTa00
89,88,Matt Moore,MIA,QB,27,13,12,210,347,2497,16,9,32,65,2.03,2,0,0,0,,0,14,1,2,,,162,162.4,175.4,171.4,,21,,MoorMa01
90,89,Colt McCoy,CLE,QB,25,13,13,265,463,2733,14,11,61,212,3.48,0,1,1,-5,-5.00,0,11,2,0,,,160,161.0,180.0,171.5,,22,,McCoCo00
92,90,Matt Schaub,HOU,QB,30,10,10,178,292,2479,15,6,15,9,0.60,2,0,0,0,,0,3,1,2,,,158,158.1,168.1,164.1,,23,,SchaMa00
93,91,Rex Grossman,WAS,QB,31,13,13,265,458,3151,16,20,20,11,0.55,1,0,0,0,,0,8,4,1,,,149,149.1,176.1,169.1,,24,,GrosRe00
94,92,Cedric Benson,CIN,RB,29,15,15,0,0,0,0,0,273,1067,3.91,6,22,15,82,5.47,0,5,2,6,,,147,161.9,166.9,154.4,,25,,BensCe00
95,93,Jonathan Stewart,CAR,RB,24,16,3,0,0,0,0,0,142,761,5.36,4,61,47,413,8.79,1,1,,5,,,147,194.4,200.4,170.9,,24,,StewJo00
96,94,DeAngelo Williams,CAR,RB,28,16,14,0,0,0,0,0,155,836,5.39,7,25,16,135,8.44,0,0,,7,,,139,155.1,161.1,147.1,,26,,WillDe02
97,95,Jay Cutler,CHI,QB,28,10,10,182,314,2319,13,7,18,55,3.06,1,0,0,0,,0,7,3,1,,,136,136.3,149.3,143.3,,25,,CutlJa00
98,96,Carson Palmer,OAK,QB,32,10,9,199,328,2753,13,16,16,20,1.25,1,0,0,0,,0,2,1,1,,,136,136.1,156.1,152.1,,26,,PalmCa00
99,97,Pierre Thomas,NOR,RB,27,16,7,0,0,0,0,0,110,562,5.11,5,59,50,425,8.50,1,1,1,6,,,133,182.7,189.7,157.7,,27,,ThomPi00
100,98,Ben Tate,HOU,RB,23,15,2,0,0,0,0,0,175,942,5.38,4,19,13,98,7.54,0,4,3,4,,,122,135.0,141.0,128.5,,28,,TateBe00
101,99,Brandon Jacobs,NYG,RB,29,14,6,0,0,0,0,0,152,571,3.76,7,23,15,128,8.53,1,3,,8,1,,120,134.9,140.9,127.4,,30,,JacoBr00
102,100,DeMarco Murray,DAL,RB,23,13,7,0,0,0,0,0,164,897,5.47,2,35,26,183,7.04,0,1,,2,,,120,146.0,152.0,133.0,,29,,MurrDe00
103,101,C.J. Spiller,BUF,RB,24,16,11,0,0,0,0,0,107,561,5.24,4,54,39,269,6.90,2,2,,6,,,119,158.0,164.0,138.5,,31,,SpilC.00
104,102,Christian Ponder,MIN,QB,23,11,10,158,291,1853,13,13,28,219,7.82,0,0,0,0,,0,6,2,0,,,118,118.0,139.0,131.0,,27,,PondCh00
105,103,LeGarrette Blount,TAM,RB,25,14,14,0,0,0,0,0,184,781,4.24,5,25,15,148,9.87,0,5,3,5,,,117,131.9,140.9,124.4,,32,,BlouLe00
106,104,Blaine Gabbert,JAX,QB,22,15,14,210,413,2214,12,11,48,98,2.04,0,0,0,0,,0,14,4,0,,,116,116.4,134.4,127.4,,28,,GabbBl00
107,105,Roy Helu,WAS,RB,23,15,5,0,0,0,0,0,151,640,4.24,2,59,49,379,7.73,1,2,2,3,,,116,164.9,172.9,140.4,,33,,HeluRo00
108,106,Lance Moore,NOR,WR,28,14,7,0,0,0,0,0,0,0,,0,73,52,627,12.06,8,0,,8,2,,115,166.7,169.7,140.7,,31,,MoorLa00
109,107,Michael Crabtree,SFO,WR,24,15,14,0,0,0,0,0,1,6,6.00,0,115,72,874,12.14,4,0,,4,1,,114,186.0,189.0,150.0,,33,,CrabMi00
110,108,Santonio Holmes,NYJ,WR,27,16,16,0,0,0,0,0,3,27,9.00,0,101,51,654,12.82,8,2,1,8,,,114,165.1,169.1,139.6,,32,,HolmSa00
111,109,Jeremy Maclin,PHI,WR,23,13,13,0,0,0,0,0,1,1,1.00,0,96,63,859,13.63,5,1,1,5,,,114,177.0,181.0,145.5,,34,,MaclJe00
112,110,Eric Decker,DEN,WR,24,16,13,0,1,0,0,0,1,1,1.00,0,96,44,612,13.91,8,1,1,9,,,113,157.3,161.3,135.3,,35,,DeckEr00
113,111,Plaxico Burress,NYJ,WR,34,16,13,0,0,0,0,0,0,0,,0,96,45,612,13.60,8,0,,8,,,109,154.2,157.2,131.7,,36,,BurrPl00
114,112,Anquan Boldin,BAL,WR,31,14,14,0,0,0,0,0,0,0,,0,106,57,887,15.56,3,0,,3,,,107,163.7,166.7,135.2,,37,,BoldAn00
115,113,James Jones,GNB,WR,27,16,0,0,0,0,0,0,0,0,,0,55,38,635,16.71,7,1,,7,,,106,143.5,146.5,124.5,,38,,JoneJa04
116,114,Darren McFadden,OAK,RB,24,7,7,0,0,0,0,0,113,614,5.43,4,23,19,154,8.11,1,1,1,5,,,105,123.8,130.8,114.3,,34,,McFaDa00
117,115,Denarius Moore,OAK,WR,23,13,10,0,0,0,0,0,5,61,12.20,1,76,33,618,18.73,5,1,,6,,,104,136.9,139.9,120.4,,39,,MoorDe02
118,116,Doug Baldwin,SEA,WR,23,16,1,0,0,0,0,0,1,-2,-2.00,0,85,51,788,15.45,4,0,,4,,,103,153.6,156.6,128.1,,40,,BaldDo00
119,117,Donald Brown,IND,RB,24,16,2,0,0,0,0,0,134,645,4.81,5,19,16,86,5.38,0,0,,5,,,103,119.1,122.1,111.1,,35,,BrowDo00
120,118,John Skelton,ARI,QB,23,8,7,151,275,1913,11,14,28,128,4.57,0,0,0,0,,0,4,1,0,,,103,103.3,124.3,117.3,,29,,SkelJo00
121,119,Miles Austin,DAL,WR,27,10,10,0,0,0,0,0,2,3,1.50,0,73,43,579,13.47,7,1,,7,,,100,143.2,146.2,121.7,,41,,AustMi00
123,120,Deion Branch,NWE,WR,32,15,15,0,0,0,0,0,0,0,,0,90,51,702,13.76,5,0,,5,,,100,151.2,154.2,125.7,,42,,BranDe00
124,121,Nate Burleson,DET,WR,30,16,11,0,0,0,0,0,11,85,7.73,0,110,73,757,10.37,3,1,1,3,,,100,173.2,177.2,136.7,,43,,BurlNa00
125,122,Robert Meachem,NOR,WR,27,16,8,0,0,0,0,0,4,18,4.50,0,60,40,620,15.50,6,0,,6,,,100,139.8,142.8,119.8,,45,,MeacRo00
126,123,Titus Young,DET,WR,22,16,9,0,0,0,0,0,2,15,7.50,0,86,48,607,12.65,6,1,,6,1,,100,148.2,151.2,124.2,,44,,YounTi00
127,124,Early Doucet,ARI,WR,26,16,6,0,0,0,0,0,0,0,,0,97,54,689,12.76,5,1,,5,,,99,152.9,155.9,125.9,,46,,DoucEa00
128,125,Ryan Grant,GNB,RB,29,15,14,0,0,0,0,0,134,559,4.17,2,24,19,268,14.11,1,1,1,3,,,99,117.7,124.7,108.2,,36,,GranRy00
129,126,Kevin Kolb,ARI,QB,27,9,9,146,253,1955,9,8,17,65,3.82,0,0,0,0,,0,8,3,0,,,99,98.7,112.7,106.7,,30,,KolbKe00
130,127,Jerome Simpson,CIN,WR,25,16,14,0,0,0,0,0,0,0,,0,105,50,725,14.50,4,0,,4,,,97,146.5,149.5,121.5,,47,,SimpJe00
131,128,Matt Cassel,KAN,QB,29,9,9,160,269,1713,10,9,25,99,3.96,0,1,1,-4,-4.00,0,5,2,0,,,96,97.0,111.0,105.5,,31,,CassMa00
132,129,Fred Davis,WAS,TE,25,12,12,0,0,0,0,0,0,0,,0,88,59,796,13.49,3,1,1,3,,,96,154.6,158.6,125.1,,13,,DaviFr01
133,130,Toby Gerhart,MIN,RB,24,16,5,0,0,0,0,0,109,531,4.87,1,28,23,190,8.26,3,1,,4,,,96,119.1,125.1,107.6,,37,,GerhTo00
134,131,Jermaine Gresham*,CIN,TE,23,14,13,0,0,0,0,0,0,0,,0,92,56,596,10.64,6,1,1,6,,,94,149.6,153.6,121.6,,14,,GresJe00
135,132,Kevin Smith,DET,RB,25,7,4,0,0,0,0,0,72,356,4.94,4,28,22,179,8.14,3,1,1,7,,,94,115.5,122.5,104.5,,38,,SmitKe02
136,133,Steve Breaston,KAN,WR,28,16,13,0,0,0,0,0,1,25,25.00,0,98,61,785,12.87,2,0,,2,,,93,154.0,157.0,123.5,,48,,BreaSt00
137,134,LaDainian Tomlinson,NYJ,RB,32,14,1,0,0,0,0,0,75,280,3.73,1,61,42,449,10.69,2,0,,3,,,91,132.9,138.9,111.9,,39,,TomlLa00
138,135,Mike Williams,TAM,WR,24,16,15,0,0,0,0,0,1,3,3.00,0,124,65,771,11.86,3,2,2,3,,,91,156.4,161.4,123.9,,49,,WillMi04
139,136,Jared Cook,TEN,TE,24,16,5,0,0,0,0,0,0,0,,0,81,49,759,15.49,3,2,2,3,,,90,138.9,143.9,114.4,,16,,CookJa02
140,137,Dexter McCluster,KAN,WR,22,16,4,0,0,0,0,0,114,516,4.53,1,64,46,328,7.13,1,4,3,2,,,90,136.4,145.4,113.4,,50,,McClDe00
141,138,Kellen Winslow,TAM,TE,28,16,15,0,0,0,0,0,0,0,,0,123,75,763,10.17,2,2,1,2,2,,90,165.3,169.3,127.8,,15,,WinsKe01
142,139,Sam Bradford,STL,QB,24,10,10,191,357,2164,6,6,18,26,1.44,0,0,0,0,,0,10,6,0,,,89,89.2,104.2,95.2,,32,,BradSa00
143,140,Damian Williams,TEN,WR,23,15,13,0,0,0,0,0,0,0,,0,94,45,592,13.16,5,0,,5,,,89,134.2,137.2,111.7,,51,,WillDa04
144,141,Peyton Hillis,CLE,RB,25,10,9,0,0,0,0,0,161,587,3.65,3,34,22,130,5.91,0,2,1,3,,,88,109.7,116.7,98.7,,40,,HillPe00
145,142,Jahvid Best,DET,RB,22,6,6,0,0,0,0,0,84,390,4.64,2,40,27,287,10.63,1,0,,3,,,86,112.7,118.7,99.2,,41,,BestJa00
146,143,Owen Daniels,HOU,TE,29,15,15,0,0,0,0,0,0,0,,0,85,54,677,12.54,3,0,,3,,,86,139.7,142.7,112.7,,17,,DaniOw00
147,144,Kyle Orton,2TM,QB,29,9,8,150,252,1758,9,9,11,13,1.18,0,0,0,0,,0,2,2,0,,,86,85.6,99.6,94.6,,33,,OrtoKy00
148,145,Jake Ballard,NYG,TE,24,14,13,0,0,0,0,0,0,0,,0,61,38,604,15.89,4,0,,4,,,84,122.4,125.4,103.4,,18,,BallJa21
149,146,Josh Cribbs,CLE,WR,28,16,7,0,0,0,0,0,7,25,3.57,0,67,41,518,12.63,4,3,,5,,,84,125.3,128.3,104.8,,53,,CribJo01
150,147,Greg Little,CLE,WR,22,16,12,0,0,0,0,0,3,15,5.00,0,119,61,709,11.62,2,0,,2,,,84,145.4,148.4,114.9,,52,,LittGr00
151,148,Greg Olsen,CAR,TE,26,16,13,0,0,0,0,0,0,0,,0,89,45,540,12.00,5,1,1,5,1,,84,129.0,133.0,106.5,,19,,OlseGr00
152,149,Ed Dickson,BAL,TE,24,16,16,0,0,0,0,0,0,0,,0,89,54,528,9.78,5,0,,5,,,83,136.8,139.8,109.8,,20,,DickEd00
154,150,Johnny Knox,CHI,WR,25,14,11,0,0,0,0,0,0,0,,0,69,37,727,19.65,2,1,1,2,,,83,119.7,123.7,101.2,,54,,KnoxJo00
155,151,James Starks,GNB,RB,25,13,2,0,0,0,0,0,133,578,4.35,1,37,29,216,7.45,0,2,1,1,,,83,112.4,119.4,97.9,,42,,StarJa00
156,152,Felix Jones,DAL,RB,24,12,8,0,0,0,0,0,127,575,4.53,1,45,33,221,6.70,0,5,2,1,,,82,114.6,122.6,98.1,,43,,JoneFe00
157,153,Santana Moss,WAS,WR,32,12,12,0,0,0,0,0,0,0,,0,95,46,584,12.70,4,0,,4,,,82,128.4,131.4,105.4,,55,,MossSa00
158,154,Marion Barber III,CHI,RB,28,11,1,0,0,0,0,0,114,422,3.70,6,9,5,50,10.00,0,1,1,6,,,81,86.2,90.2,83.7,,44,,BarbMa01
159,155,Donald Driver,GNB,WR,36,16,15,0,0,0,0,0,0,0,,0,56,37,445,12.03,6,0,,6,,,81,117.5,120.5,99.0,,56,,DrivDo00
160,156,Mark Ingram,NOR,RB,22,10,4,0,0,0,0,0,122,474,3.89,5,13,11,46,4.18,0,1,1,5,,,80,91.0,95.0,85.5,,45,,IngrMa01
161,157,Demaryius Thomas,DEN,WR,24,11,5,0,1,0,0,0,1,5,5.00,0,70,32,551,17.22,4,0,,4,,,80,111.6,114.6,95.6,,57,,ThomDe03
162,158,Jackie Battle,KAN,RB,28,15,4,0,0,0,0,0,149,597,4.01,2,13,9,68,7.56,0,0,,2,,,79,87.5,90.5,83.0,,47,,BattJa00
163,159,Jason Campbell,OAK,QB,30,6,6,100,165,1170,6,4,18,60,3.33,2,0,0,0,,0,3,1,2,,,79,78.8,86.8,82.8,,34,,CampJa00
164,160,Kendall Hunter,SFO,RB,23,16,1,0,0,0,0,0,112,473,4.22,2,26,16,195,12.19,0,0,,2,,,79,94.8,100.8,86.8,,46,,HuntKe00
165,161,Brandon LaFell,CAR,WR,25,16,6,0,0,0,0,0,0,0,,0,56,36,613,17.03,3,0,,3,,,79,115.3,118.3,97.3,,58,,LaFeBr00
166,162,Mario Manningham,NYG,WR,25,12,10,0,0,0,0,0,0,0,,0,77,39,523,13.41,4,0,,4,,,76,115.3,118.3,95.8,,59,,MannMa01
167,163,Dezmon Briscoe,TAM,WR,22,16,2,0,0,0,0,0,0,0,,0,51,35,387,11.06,6,0,,6,,,75,109.7,112.7,92.2,,60,,BrisDe00
168,164,Anthony Fasano,MIA,TE,27,15,15,0,0,0,0,0,0,0,,0,54,32,451,14.09,5,0,,5,,,75,107.1,110.1,91.1,,21,,FasaAn00
169,165,Heath Miller,PIT,TE,29,16,16,0,0,0,0,0,1,6,6.00,0,74,51,631,12.37,2,1,1,2,,,74,124.7,128.7,99.2,,22,,MillHe00
170,166,Scott Chandler,BUF,TE,26,14,9,0,0,0,0,0,0,0,,0,46,38,389,10.24,6,1,1,6,,,73,110.9,114.9,91.9,,24,,ChanSc00
171,167,Andre Roberts,ARI,WR,23,16,16,0,0,0,0,0,3,27,9.00,0,98,51,586,11.49,2,1,,2,,,73,124.3,127.3,98.8,,61,,RobeAn00
172,168,Tony Scheffler,DET,TE,28,15,5,0,0,0,0,0,1,5,5.00,0,43,26,347,13.35,6,1,,6,1,,73,99.2,102.2,86.2,,23,,ScheTo00
173,169,Jason Avant,PHI,WR,28,16,7,0,0,0,0,0,0,0,,0,81,52,679,13.06,1,2,1,1,,,72,123.9,127.9,97.9,,62,,AvanJa00
174,170,Curtis Painter,IND,QB,26,9,8,132,243,1541,6,9,17,107,6.29,0,0,0,0,,0,5,3,0,,,72,72.3,90.3,81.3,,35,,PainCu00
175,171,Joel Dreessen,HOU,TE,29,16,10,0,0,0,0,0,0,0,,0,39,28,353,12.61,6,0,,6,,,71,99.3,102.3,85.3,,25,,DreeJo00
176,172,Jacoby Jones,HOU,WR,27,16,10,0,0,0,0,0,4,17,4.25,0,65,31,512,16.52,2,0,,3,,,71,101.9,104.9,86.4,,64,,JoneJa03
177,173,Preston Parker,TAM,WR,24,16,0,0,0,0,0,0,1,-3,-3.00,0,65,40,554,13.85,3,8,1,3,,,71,111.1,115.1,91.1,,63,,ParkPr00
178,174,Isaac Redman,PIT,RB,27,16,1,0,0,0,0,0,110,479,4.35,3,22,18,78,4.33,0,2,2,3,,,70,87.7,92.7,78.7,,48,,RedmIs20
179,175,Davone Bess,MIA,WR,26,16,4,0,0,0,0,0,2,9,4.50,0,86,51,537,10.53,3,5,2,3,,,69,119.6,124.6,94.1,,65,,BessDa00
180,176,Daniel Thomas,MIA,RB,24,13,2,0,0,0,0,0,165,581,3.52,0,16,12,72,6.00,1,2,1,1,,,69,81.3,85.3,75.3,,49,,ThomDa03
181,177,Jeremy Shockey,CAR,TE,31,15,13,0,0,0,0,0,0,0,,0,62,37,455,12.30,4,2,1,4,,,68,104.5,108.5,86.0,,26,,ShocJe00
182,178,Maurice Morris,DET,RB,32,16,5,0,0,0,0,0,80,316,3.95,1,35,26,230,8.85,1,1,,2,,,67,92.6,98.6,79.6,,50,,MorrMa00
183,179,Donovan McNabb,MIN,QB,35,6,6,94,156,1026,4,2,14,59,4.21,1,0,0,0,,0,2,,1,,,65,64.9,69.9,66.9,,36,,McNaDo00
185,180,Kevin Walter,HOU,WR,30,15,14,0,0,0,0,0,0,0,,0,59,39,474,12.15,3,0,,3,,,65,104.4,107.4,84.9,,66,,WaltKe00
186,181,Lance Ball,DEN,RB,26,16,0,0,0,0,0,0,96,402,4.19,1,32,16,148,9.25,1,2,2,2,,,63,79.0,87.0,71.0,,51,,BallLa00
187,182,Devery Henderson,NOR,WR,29,16,13,0,0,0,0,0,1,9,9.00,0,50,32,503,15.72,2,1,,2,,,63,95.2,98.2,79.2,,67,,HendDe00
188,183,Sidney Rice,SEA,WR,25,9,9,1,1,55,0,0,2,3,1.50,0,57,32,484,15.13,2,1,,2,,,63,94.9,97.9,78.9,,68,,RiceSi01
189,184,Roy Williams,CHI,WR,30,15,9,0,0,0,0,0,0,0,,0,63,37,507,13.70,2,0,,2,,,63,99.7,102.7,81.2,,69,,WillRo04
190,185,Brian Hartline,MIA,WR,25,16,10,0,0,0,0,0,1,9,9.00,0,66,35,549,15.69,1,0,,1,,,62,96.8,99.8,79.3,,71,,HartBr00
191,186,Andre Johnson,HOU,WR,30,7,7,0,0,0,0,0,1,8,8.00,0,51,33,492,14.91,2,0,,2,,,62,95.0,98.0,78.5,,70,,JohnAn02
192,187,Arrelious Benn,TAM,WR,23,14,14,0,0,0,0,0,6,-7,-1.17,0,51,30,441,14.70,3,0,,3,,,61,91.4,94.4,76.4,,72,,BennAr00
193,188,Ricky Williams,BAL,RB,34,16,0,0,0,0,0,0,108,444,4.11,2,20,13,83,6.38,0,2,2,2,,,61,73.7,78.7,67.2,,53,,WillRi00
194,189,Danny Woodhead,NWE,RB,26,15,4,0,0,0,0,0,77,351,4.56,1,31,18,157,8.72,0,0,,1,2,,61,78.8,84.8,69.8,,52,,WoodDa02
195,190,Chad Henne,MIA,QB,26,4,4,64,112,868,4,4,15,112,7.47,1,0,0,0,,0,1,,1,,,60,59.9,69.9,63.9,,37,,HennCh01
196,191,Devin Hester,CHI,WR,29,16,8,0,0,0,0,0,1,-6,-6.00,0,56,26,369,14.19,1,5,,4,,,60,86.3,89.3,73.3,,73,,HestDe99
197,192,Bernard Scott,CIN,RB,27,16,1,0,1,0,0,0,112,380,3.39,3,17,13,38,2.92,0,0,,3,,,60,72.8,75.8,66.3,,54,,ScotBe00
198,193,Joseph Addai,IND,RB,28,12,11,0,0,0,0,0,118,433,3.67,1,22,15,93,6.20,0,1,,1,,,59,73.6,76.6,66.1,,55,,AddaJo00
199,194,Michael Jenkins,MIN,WR,29,11,7,0,0,0,0,0,0,0,,0,55,38,466,12.26,3,2,3,3,,,59,96.6,102.6,77.6,,74,,JenkMi00
200,195,Dan Orlovsky,IND,QB,28,8,5,122,193,1201,6,4,6,5,0.83,0,0,0,0,,0,7,3,0,,,59,58.5,68.5,62.5,,38,,OrloDa00
201,196,Dennis Pitta,BAL,TE,26,16,2,0,0,0,0,0,0,0,,0,56,40,405,10.13,3,0,,3,,,59,98.5,101.5,78.5,,28,,PittDe00
202,197,Visanthe Shiancoe,MIN,TE,31,16,14,0,0,0,0,0,0,0,,0,70,36,409,11.36,3,0,,3,,,59,94.9,97.9,76.9,,27,,ShiaVi00
203,198,Golden Tate,SEA,WR,23,16,5,0,0,0,0,0,5,14,2.80,0,58,35,382,10.91,3,1,,3,,,58,92.6,95.6,75.1,,75,,TateGo00
204,199,Austin Collie,IND,WR,26,16,5,0,0,0,0,0,0,0,,0,96,54,514,9.52,1,0,,1,,,57,111.4,114.4,84.4,,76,,CollAu00
205,200,Ben Obomanu,SEA,WR,28,16,7,0,0,0,0,0,1,13,13.00,0,61,37,436,11.78,2,0,,2,,,57,93.9,96.9,75.4,,77,,ObomBe00
206,201,Harry Douglas,ATL,WR,27,16,4,0,0,0,0,0,1,3,3.00,0,62,39,498,12.77,1,0,,1,,,56,95.1,98.1,75.6,,78,,DougHa00
207,202,Evan Moore,CLE,TE,26,16,4,0,0,0,0,0,0,0,,0,46,34,324,9.53,4,0,,4,,,56,90.4,93.4,73.4,,29,,MoorEv00
208,203,Danario Alexander,STL,WR,25,10,5,0,0,0,0,0,0,0,,0,60,26,431,16.58,2,0,,2,,,55,81.1,84.1,68.1,,79,,AlexDa00
209,204,Kevin Boss,OAK,TE,27,14,11,0,0,0,0,0,0,0,,0,40,28,368,13.14,3,0,,3,,,55,82.8,85.8,68.8,,30,,BossKe00
210,205,Jason Hill,JAX,WR,26,10,10,0,0,0,0,0,0,0,,0,55,25,367,14.68,3,0,,3,,,55,79.7,82.7,67.2,,80,,HillJa00
211,206,Chris Ogbonnaya,2TM,RB,25,13,4,0,0,0,0,0,76,340,4.47,1,31,23,165,7.17,0,2,1,1,,,55,77.5,84.5,66.0,,56,,OgboCh00
212,207,Legedu Naanee,CAR,WR,28,15,10,1,1,27,0,0,0,0,,0,76,44,467,10.61,1,0,,1,,,54,97.8,100.8,75.8,,81,,NaanLe00
213,208,Devin Aromashodu,MIN,WR,27,16,6,0,0,0,0,0,0,0,,0,84,26,468,18.00,1,1,,1,,,53,78.8,81.8,65.8,,83,,AromDe00
214,209,Lavelle Hawkins,TEN,WR,25,16,2,0,0,0,0,0,0,0,,0,77,47,470,10.00,1,1,,1,,,53,100.0,103.0,76.5,,82,,HawkLa00
216,210,Ben Watson,CLE,TE,31,13,11,0,0,0,0,0,0,0,,0,70,37,410,11.08,2,0,,2,,,53,90.0,93.0,71.5,,31,,WatsBe00
217,211,Tim Hightower,WAS,RB,25,5,5,0,0,0,0,0,84,321,3.82,1,15,10,78,7.80,1,0,,2,,,52,61.9,64.9,56.9,,59,,HighTi00
218,212,Thomas Jones,KAN,RB,33,16,8,0,0,0,0,0,153,478,3.12,0,7,5,43,8.60,0,0,,0,,,52,57.1,60.1,54.6,,57,,JoneTh00
219,213,John Kuhn*,GNB,RB,29,16,3,0,0,0,0,0,30,78,2.60,4,18,15,77,5.13,2,0,,6,,,52,66.5,66.5,59.0,,60,,KuhnJo00
220,214,LaRod Stephens-Howling,ARI,RB,24,14,1,0,0,0,0,0,43,167,3.88,0,17,13,234,18.00,2,0,,2,,,52,65.1,71.1,58.6,,58,,StepLa00
221,215,John Beck,WAS,QB,30,4,3,80,132,858,2,4,10,43,4.30,2,0,0,0,,0,3,1,2,,1,51,50.6,58.6,54.6,,39,,BeckJo00
222,216,Kahlil Bell,CHI,RB,25,13,3,0,0,0,0,0,79,337,4.27,0,23,19,133,7.00,1,3,1,1,,,51,70.0,77.0,60.5,,63,,BellKa00
223,217,Kellen Davis,CHI,TE,26,16,15,0,0,0,0,0,0,0,,0,35,18,206,11.44,5,0,,5,,,51,68.6,71.6,59.6,,32,,DaviKe01
224,218,Brandon Gibson,STL,WR,24,15,9,0,0,0,0,0,2,16,8.00,0,71,36,431,11.97,1,0,,1,,,51,86.7,89.7,68.7,,84,,GibsBr00
225,219,Marcel Reece,OAK,RB,26,12,6,0,0,0,0,0,17,112,6.59,0,36,27,301,11.15,2,1,1,2,,,51,78.3,85.3,64.8,,62,,ReecMa00
226,220,Stevan Ridley,NWE,RB,22,16,2,0,0,0,0,0,87,441,5.07,1,5,3,13,4.33,0,1,,1,,,51,54.4,57.4,52.9,,61,,RidlSt00
227,221,Andre Caldwell,CIN,WR,26,13,2,0,0,0,0,0,0,0,,0,68,37,317,8.57,3,0,,3,,,50,86.7,89.7,68.2,,87,,CaldAn00
228,222,Randall Cobb,GNB,WR,21,15,0,0,1,0,0,0,2,5,2.50,0,31,25,375,15.00,1,3,3,3,,,50,75.0,81.0,62.5,,86,,CobbRa00
229,223,Mohamed Massaquoi,CLE,WR,25,14,13,0,0,0,0,0,0,0,,0,74,31,384,12.39,2,0,,2,,,50,81.4,84.4,65.9,,85,,MassMo00
230,224,Jake Locker,TEN,QB,23,5,0,34,66,542,4,0,8,56,7.00,1,0,0,0,,0,0,,1,,,49,49.3,52.3,49.3,,41,,LockJa00
231,225,Jacquizz Rodgers,ATL,RB,21,16,0,0,0,0,0,0,57,205,3.60,1,27,21,188,8.95,1,1,1,2,,,49,70.3,77.3,59.8,,65,,RodgJa00
232,226,Mike Thomas,JAX,WR,24,15,13,0,0,0,0,0,3,11,3.67,0,91,44,415,9.43,1,1,,1,,,49,92.6,95.6,70.6,,88,,ThomMi01
233,227,Joe Webb,MIN,QB,25,11,1,34,63,376,3,2,22,154,7.00,2,5,1,9,9.00,0,1,1,2,,,49,50.3,59.3,51.8,,40,,WebbJo00
234,228,Cadillac Williams,STL,RB,29,11,1,0,0,0,0,0,87,361,4.15,1,23,14,93,6.64,0,1,1,1,,,49,63.4,67.4,56.4,,64,,WillCa02
235,229,Hines Ward,PIT,WR,35,15,9,0,0,0,0,0,0,0,,0,63,46,381,8.28,2,1,1,2,,,48,94.1,98.1,71.1,,89,,WardHi00
236,230,Delone Carter,IND,RB,24,16,3,0,0,0,0,0,101,377,3.73,2,8,5,18,3.60,0,3,3,2,,,46,50.5,56.5,48.0,,66,,CartDe01
237,231,Marcedes Lewis,JAX,TE,27,15,15,0,0,0,0,0,0,0,,0,85,39,460,11.79,0,0,,0,,,46,85.0,88.0,65.5,,33,,LewiMa00
238,232,Kenny Britt,TEN,WR,23,3,3,0,0,0,0,0,0,0,,0,26,17,289,17.00,3,1,1,3,,,45,61.9,65.9,53.4,,92,,BritKe00
239,233,Vincent Brown,SDG,WR,22,14,4,0,0,0,0,0,0,0,,0,40,19,329,17.32,2,0,,2,,,45,63.9,66.9,54.4,,93,,BrowVi00
240,234,Dallas Clark,IND,TE,32,11,10,0,0,0,0,0,0,0,,0,65,34,352,10.35,2,1,1,2,,,45,79.2,83.2,62.2,,34,,ClarDa00
241,235,Jeff King,ARI,TE,28,16,10,0,0,0,0,0,0,0,,0,34,27,271,10.04,3,0,,3,,,45,72.1,75.1,58.6,,35,,KingJe00
242,236,Dane Sanzenbacher,CHI,WR,23,16,1,0,0,0,0,0,1,-4,-4.00,0,54,27,276,10.22,3,0,,3,,,45,72.2,75.2,58.7,,91,,SanzDa00
243,237,Kyle Williams,SFO,WR,23,13,1,0,0,0,0,0,2,32,16.00,0,31,20,241,12.05,3,0,,3,,,45,65.3,68.3,55.3,,90,,WillKy01
244,238,Matt Flynn,GNB,QB,26,5,1,33,49,518,6,2,13,-6,-0.46,1,0,0,0,,0,1,1,1,,,44,44.1,50.1,46.1,,42,,FlynMa00
245,239,T.J. Yates,HOU,QB,24,6,5,82,134,949,3,3,14,57,4.07,0,0,0,0,,0,5,3,0,,,44,43.7,52.7,46.7,,43,,YateT.00
247,240,Chris Ivory,NOR,RB,23,6,2,0,0,0,0,0,79,374,4.73,1,1,0,0,,0,0,,1,,,43,43.4,46.4,43.4,,67,,IvorCh00
248,241,Kyle Rudolph,MIN,TE,22,15,8,0,0,0,0,0,0,0,,0,39,26,249,9.58,3,0,,3,,,43,68.9,71.9,55.9,,36,,RudoKy00
249,242,Brad Smith,BUF,WR,28,15,5,0,1,0,0,1,20,87,4.35,1,42,23,240,10.43,1,0,,2,,,43,65.7,69.7,55.2,,95,,SmitBr01
250,243,Donte' Stallworth,WAS,WR,31,11,0,0,0,0,0,0,2,1,0.50,0,38,22,309,14.05,2,0,,2,,,43,65.0,68.0,54.0,,94,,StalDo00
251,244,Earl Bennett,CHI,WR,24,11,4,0,0,0,0,0,0,0,,0,43,24,381,15.88,1,1,1,1,,,42,66.1,70.1,54.1,,96,,BennEa00
252,245,Daniel Fells,DEN,TE,28,16,15,0,0,0,0,0,0,0,,0,31,19,256,13.47,3,2,1,3,,,42,60.6,64.6,51.1,,37,,FellDa00
253,246,Charles Clay,MIA,TE,22,14,9,0,0,0,0,0,0,0,,0,25,16,233,14.56,3,0,,3,,,41,57.3,60.3,49.3,,38,,ClayCh00
254,247,Jacoby Ford,OAK,WR,24,8,3,0,0,0,0,0,4,31,7.75,0,33,19,279,14.68,1,3,1,2,,,41,60.0,64.0,50.5,,98,,FordJa01
255,248,Ted Ginn Jr.,SFO,WR,26,14,3,0,0,0,0,0,8,68,8.50,0,33,19,220,11.58,0,0,,2,,,41,59.8,62.8,50.3,,99,,GinnTe00
256,249,Javon Ringer,TEN,RB,24,12,0,0,0,0,0,0,59,185,3.14,1,36,28,187,6.68,0,1,1,1,,,41,69.2,76.2,55.2,,68,,RingJa00
257,250,Emmanuel Sanders,PIT,WR,24,11,0,1,1,15,0,0,0,0,,0,43,22,288,13.09,2,0,,2,,,41,63.4,66.4,52.4,,97,,SandEm00
258,251,Vince Young,PHI,QB,28,6,3,66,114,866,4,9,18,79,4.39,0,0,0,0,,0,2,,0,,,41,40.5,52.5,49.5,,44,,YounVi00
259,252,Jeremy Kerley,NYJ,WR,23,14,1,1,1,41,0,0,5,28,5.60,0,47,29,314,10.83,1,3,1,1,,,40,68.8,72.8,54.3,,100,,KerlJe00
260,253,Kregg Lumpkin,TAM,RB,27,16,0,0,0,0,0,0,31,105,3.39,0,53,41,291,7.10,0,0,,0,,,40,80.6,86.6,60.1,,69,,LumpKr00
261,254,Evan Royster,WAS,RB,24,6,2,0,0,0,0,0,56,328,5.86,0,14,9,68,7.56,0,0,,0,,,40,48.6,51.6,44.1,,70,,RoysEv00
262,255,Montario Hardesty,CLE,RB,24,10,4,0,0,0,0,0,88,266,3.02,0,21,14,122,8.71,0,1,,0,,,39,52.8,58.8,45.8,,72,,HardMo00
263,256,Chaz Schilens,OAK,WR,26,15,5,0,0,0,0,0,0,0,,0,34,23,271,11.78,2,0,,2,,,39,62.1,65.1,50.6,,101,,SchiCh00
264,257,Jason Snelling,ATL,RB,28,15,0,0,0,0,0,0,44,151,3.43,0,32,26,179,6.88,1,0,,1,,,39,65.0,71.0,52.0,,71,,SnelJa00
265,258,Kellen Clemens,STL,QB,28,3,3,48,91,546,2,1,6,37,6.17,1,1,0,0,,0,2,,1,,,38,37.5,41.5,38.5,,45,,ClemKe00
266,259,Riley Cooper,PHI,WR,24,16,3,0,0,0,0,0,0,0,,0,35,16,315,19.69,1,0,,1,,,38,53.5,56.5,45.5,,102,,CoopRi00
267,260,Delanie Walker,SFO,RB,27,15,7,0,0,0,0,0,3,5,1.67,0,35,19,198,10.42,3,0,,3,,,38,57.3,60.3,47.8,,73,,WalkHu00
268,261,Earnest Graham,TAM,RB,31,7,2,0,0,0,0,0,37,206,5.57,0,31,26,163,6.27,0,1,,0,,,37,62.9,68.9,49.9,,75,,GrahEa00
269,262,Louis Murphy,OAK,WR,24,11,1,0,0,0,0,0,6,69,11.50,1,33,15,241,16.07,0,0,,1,,,37,52.0,55.0,44.5,,103,,MurpLo00
270,263,Danny Ware,NYG,RB,26,16,1,0,0,0,0,0,46,163,3.54,0,37,27,170,6.30,0,0,,0,2,,37,64.3,70.3,50.8,,74,,WareDa00
271,264,Jerricho Cotchery,PIT,WR,29,13,0,0,0,0,0,0,1,3,3.00,0,30,16,237,14.81,2,0,,2,,,36,52.0,55.0,44.0,,104,,CotcJe00
272,265,Keiland Williams,DET,RB,25,15,0,0,0,0,0,0,58,195,3.36,2,8,8,62,7.75,0,2,1,2,,,36,43.7,47.7,39.7,,76,,WillKe03
273,266,Todd Heap,ARI,TE,31,10,4,0,0,0,0,0,0,0,,0,36,24,283,11.79,1,0,,1,,,34,58.3,61.3,46.3,,39,,HeapTo00
274,267,Chad Johnson,NWE,WR,33,15,3,0,0,0,0,0,0,0,,0,32,15,276,18.40,1,0,,1,,,34,48.6,51.6,41.1,,105,,JohnCh01
275,268,Seneca Wallace,CLE,QB,31,6,3,55,107,567,2,2,7,70,10.00,0,1,1,21,21.00,0,1,1,0,,,34,34.8,40.8,36.3,,46,,WallSe00
276,269,Leon Washington,SEA,RB,29,16,1,0,0,0,0,0,53,248,4.68,1,14,10,48,4.80,0,2,1,1,,,34,43.6,47.6,38.6,,77,,WashLe00
278,270,James Casey,HOU,RB,27,14,7,0,0,0,0,0,1,11,11.00,0,24,18,260,14.44,1,0,,1,,,33,51.1,54.1,42.1,,79,,CaseJa00
279,271,Jarett Dillard,JAX,WR,26,14,5,0,0,0,0,0,0,0,,0,50,29,292,10.07,1,1,1,1,,,33,62.2,66.2,47.7,,106,,DillJa00
280,272,Justin Forsett,SEA,RB,26,16,0,0,0,0,0,0,46,145,3.15,1,34,23,128,5.57,0,0,,1,,,33,56.3,62.3,44.8,,78,,ForsJu00
281,273,Jordan Norwood,CLE,WR,25,14,4,0,0,0,0,0,0,0,,0,34,23,268,11.65,1,1,,1,,,33,55.8,58.8,44.3,,107,,NorwJo00
282,274,Matt Willis,DEN,WR,27,16,0,0,0,0,0,0,0,0,,0,36,18,267,14.83,1,1,,1,,,33,50.7,53.7,41.7,,108,,WillMa00
283,275,Lance Kendricks,STL,TE,23,15,10,0,0,0,0,0,1,-8,-8.00,0,58,28,352,12.57,0,1,1,0,,,32,60.4,64.4,46.4,,40,,KendLa00
284,276,Knowshon Moreno,DEN,RB,24,7,2,0,0,0,0,0,37,179,4.84,0,15,11,101,9.18,1,1,1,1,,,32,43.0,50.0,37.5,,80,,MoreKn00
285,277,Naaman Roosevelt,BUF,WR,24,10,0,0,0,0,0,0,0,0,,0,26,16,257,16.06,1,0,,1,,,32,47.7,50.7,39.7,,110,,RoosNa00
286,278,Eddie Royal,DEN,WR,25,12,8,0,0,0,0,0,7,48,6.86,0,50,19,155,8.16,1,0,,2,,,32,51.3,54.3,41.8,,109,,RoyaEd00
287,279,Jonathan Baldwin,KAN,WR,22,11,3,0,0,0,0,0,0,0,,0,52,21,254,12.10,1,0,,1,,,31,52.4,55.4,41.9,,111,,BaldJo00
288,280,Derek Hagan,2TM,WR,27,10,3,0,0,0,0,0,0,0,,0,42,24,252,10.50,1,0,,1,,,31,55.2,58.2,43.2,,112,,HagaDe00
289,281,Leonard Pope,KAN,TE,28,16,10,0,0,0,0,0,0,0,,0,34,24,247,10.29,1,0,,1,,,31,54.7,57.7,42.7,,41,,PopeLe00
290,282,Tashard Choice,3TM,RB,27,13,1,0,0,0,0,0,57,152,2.67,1,30,19,124,6.53,0,3,2,1,,,30,48.6,56.6,39.1,,82,,ChoiTa00
291,283,Brian Leonard,CIN,RB,27,13,0,0,0,0,0,0,17,85,5.00,0,31,22,210,9.55,0,0,,0,,,30,51.5,54.5,40.5,,83,,LeonBr00
292,284,Mewelde Moore,PIT,RB,29,12,0,0,0,0,0,0,22,157,7.14,0,14,11,104,9.45,1,2,1,1,,,30,41.1,48.1,35.6,,81,,MoorMe00
293,285,Mike Williams,SEA,WR,27,12,10,0,0,0,0,0,0,0,,0,38,18,236,13.11,1,0,,1,,,30,47.6,50.6,38.6,,113,,WillMi03
294,286,Jed Collins,NOR,RB,25,16,11,0,0,0,0,0,4,4,1.00,2,14,11,50,4.55,2,0,,4,,,29,40.4,40.4,34.9,,84,,CollJe01
295,287,Patrick Crayton,SDG,WR,32,14,1,0,0,0,0,0,0,0,,0,34,23,248,10.78,1,2,1,1,,,29,51.8,55.8,40.3,,115,,CrayPa00
296,288,Andrew Hawkins,CIN,WR,25,13,0,0,0,0,0,0,5,25,5.00,0,34,23,263,11.43,0,0,,0,,,29,51.8,54.8,40.3,,116,,HawkAn00
297,289,Donald Jones,BUF,WR,24,8,7,0,0,0,0,0,1,2,2.00,0,46,23,231,10.04,1,0,,1,,,29,52.3,55.3,40.8,,114,,JoneDo00
298,290,Joe McKnight,NYJ,RB,23,15,0,0,0,0,0,0,43,134,3.12,0,18,13,139,10.69,0,3,2,1,,,29,42.3,50.3,35.8,,85,,McKnJo00
299,291,Caleb Hanie,CHI,QB,26,6,4,51,102,613,3,9,13,98,7.54,0,0,0,0,,0,1,,0,,,28,28.3,40.3,37.3,,47,,HaniCa00
300,292,Josh Morgan,SFO,WR,26,5,5,0,0,0,0,0,0,0,,0,20,15,220,14.67,1,0,,1,,,28,43.0,46.0,35.5,,118,,MorgJo00
301,293,Ryan Torain,WAS,RB,25,8,4,0,0,0,0,0,59,200,3.39,1,9,6,23,3.83,0,1,,1,,,28,34.3,37.3,31.3,,86,,ToraRy00
302,294,Chastin West,JAX,WR,24,12,1,0,0,0,0,0,0,0,,0,27,13,163,12.54,2,0,,2,,,28,41.3,44.3,34.8,,117,,WestCh00
303,295,Randy McMichael,SDG,TE,32,16,14,0,0,0,0,0,0,0,,0,44,30,271,9.03,0,0,,0,,,27,57.1,60.1,42.1,,42,,McMiRa01
304,296,Derrick Ward,HOU,RB,31,12,1,0,0,0,0,0,45,154,3.42,2,1,0,0,,0,0,,2,,,27,27.4,30.4,27.4,,87,,WardDe01
305,297,Deji Karim,JAX,RB,25,12,0,0,0,0,0,0,63,130,2.06,0,19,14,120,8.57,0,1,,0,,,25,39.0,45.0,32.0,,89,,KariDe00
306,298,Le'Ron McClain,KAN,RB,27,16,10,0,0,0,0,0,15,51,3.40,1,22,14,82,5.86,1,0,,2,,,25,39.3,39.3,32.3,,88,,McClLe00
307,299,Josh McCown,CHI,QB,32,3,2,35,55,414,2,4,12,68,5.67,0,0,0,0,,0,2,,0,1,,25,25.4,32.4,29.4,,48,,McCoJo01
309,300,Tyler Palko,KAN,QB,28,6,4,80,134,796,2,7,5,15,3.00,0,0,0,0,,0,1,1,0,,,25,25.3,36.3,32.3,,49,,PalkTy00
310,301,Austin Pettis,STL,WR,23,12,3,0,0,0,0,0,1,-6,-6.00,0,48,27,256,9.48,0,2,,0,,,25,52.0,55.0,38.5,,120,,PettAu00
311,302,Greg Salas,STL,WR,23,6,0,0,0,0,0,0,1,8,8.00,0,38,27,264,9.78,0,3,1,0,,,25,52.2,56.2,38.7,,119,,SalaGr00
312,303,Anthony Armstrong,WAS,WR,28,14,2,0,0,0,0,0,2,19,9.50,0,27,7,103,14.71,2,0,,2,,,24,31.2,34.2,27.7,,121,,ArmsAn00
313,304,Jacob Tamme,IND,TE,26,16,5,0,0,0,0,0,0,0,,0,31,19,177,9.32,1,0,,1,,,24,42.7,45.7,33.2,,43,,TammJa00
314,305,Darrel Young,WAS,RB,24,13,8,0,0,0,0,0,6,33,5.50,1,19,15,146,9.73,0,0,,1,,,24,38.9,41.9,31.4,,90,,YounDa01
315,306,Zach Miller,SEA,TE,26,15,15,0,0,0,0,0,0,0,,0,44,25,233,9.32,0,0,,0,,,23,48.3,51.3,35.8,,44,,MillZa01
316,307,Craig Stevens,TEN,TE,27,15,11,0,0,0,0,0,0,0,,0,14,9,166,18.44,1,0,,1,,,23,31.6,34.6,27.1,,45,,StevCr00
317,308,Chester Taylor,ARI,RB,32,12,1,0,0,0,0,0,20,77,3.85,1,24,14,91,6.50,0,0,,1,,,23,36.8,36.8,29.8,,91,,TaylCh01
318,309,Curtis Brinkley,SDG,RB,26,10,1,0,0,0,0,0,30,101,3.37,1,9,7,41,5.86,0,0,,1,1,,22,29.2,32.2,25.7,,92,,BrinCu00
319,310,Clay Harbor,PHI,TE,24,16,3,0,0,0,0,0,0,0,,0,19,13,163,12.54,1,0,,1,,,22,35.3,38.3,28.8,,46,,HarbCl00
320,311,Anthony Dixon,SFO,RB,24,16,0,0,0,0,0,0,29,87,3.00,2,1,1,6,6.00,0,0,,2,,,21,22.3,22.3,21.8,,93,,DixoAn00
321,312,T.J. Houshmandzadeh,OAK,WR,34,9,0,0,0,0,0,0,0,0,,0,19,11,146,13.27,1,0,,1,,,21,31.6,34.6,26.1,,122,,HousTJ00
322,313,A.J. Feeley,STL,QB,34,5,3,53,97,548,1,2,3,4,1.33,0,0,0,0,,0,3,1,0,,,20,20.3,26.3,22.3,,50,,FeelA.00
323,314,Jacob Hester,SDG,RB,26,16,3,0,0,0,0,0,28,90,3.21,0,18,12,48,4.00,1,2,,1,,,20,31.8,31.8,25.8,,94,,HestJa00
324,315,Kerry Collins,IND,QB,39,3,3,48,98,481,2,1,2,-1,-0.50,0,0,0,0,,0,4,3,0,,,19,19.1,26.1,20.1,,51,,CollKe00
325,316,Alex Smith,CLE,TE,29,14,4,0,0,0,0,0,0,0,,0,25,14,131,9.36,1,0,,1,,,19,33.1,36.1,26.1,,47,,SmitAl02
326,317,Ronnie Brown,PHI,RB,30,16,2,0,0,0,0,0,42,136,3.24,1,2,0,0,,0,1,1,1,,,18,17.6,21.6,17.6,,96,,BrowRo05
327,318,Braylon Edwards,SFO,WR,28,9,5,0,0,0,0,0,0,0,,0,34,15,181,12.07,0,0,,0,,,18,33.1,36.1,25.6,,125,,EdwaBr00
328,319,Leonard Hankerson,WAS,WR,22,4,2,0,0,0,0,0,0,0,,0,20,13,163,12.54,0,0,,0,1,,18,31.3,34.3,24.8,,124,,HankLe00
329,320,Alfonso Smith,ARI,RB,24,15,0,0,0,0,0,0,30,102,3.40,1,5,3,21,7.00,0,0,,1,,,18,21.3,24.3,19.8,,95,,SmitAl22
330,321,Steve Smith,PHI,WR,26,9,1,0,0,0,0,0,0,0,,0,20,11,124,11.27,1,1,,1,,,18,29.4,32.4,23.9,,123,,SmitSt02
331,322,Jesse Holley,DAL,WR,27,16,0,0,0,0,0,0,0,0,,0,7,7,169,24.14,0,0,,0,,,17,23.9,26.9,20.4,,127,,HollJe00
332,323,Ricardo Lockette,SEA,WR,25,2,0,0,0,0,0,0,0,0,,0,4,2,105,52.50,1,0,,1,,,17,18.5,21.5,17.5,,128,,LockRi00
333,324,Derrick Mason,2TM,WR,37,12,2,0,0,0,0,0,0,0,,0,35,19,170,8.95,0,0,,0,,,17,36.0,39.0,26.5,,126,,MasoDe00
334,325,Matt Spaeth,CHI,TE,28,15,8,0,0,0,0,0,0,0,,0,11,7,50,7.14,2,0,,2,,,17,24.0,24.0,20.5,,48,,SpaeMa00
335,326,John Phillips,DAL,TE,24,16,7,0,0,0,0,0,0,0,,0,18,15,101,6.73,1,0,,1,,,16,31.1,34.1,23.6,,49,,PhilJo00
336,327,Phillip Tanner,DAL,RB,23,9,0,0,0,0,0,0,22,76,3.45,1,2,2,19,9.50,0,0,,1,,,16,17.5,17.5,16.5,,97,,TannPh00
337,328,Patrick Turner,NYJ,WR,24,15,1,0,0,0,0,0,0,0,,0,15,8,96,12.00,1,0,,1,,,16,23.6,23.6,19.6,,129,,TurnPa00
338,329,Travis Beckum,NYG,TE,24,13,0,0,0,0,0,0,0,0,,0,10,5,93,18.60,1,0,,1,,,15,20.3,20.3,17.8,,50,,BeckTr00
340,330,Lex Hilliard,MIA,RB,27,16,4,0,0,0,0,0,16,41,2.56,1,7,5,49,9.80,0,0,,1,,,15,20.0,20.0,17.5,,99,,HillLe00
341,331,Bryant Johnson,HOU,WR,30,16,0,0,0,0,0,0,1,1,1.00,0,12,6,90,15.00,1,0,,1,,,15,21.1,21.1,18.1,,130,,JohnBr02
342,332,David Johnson,PIT,TE,24,16,16,0,0,0,0,0,0,0,,0,14,12,91,7.58,1,0,,1,,,15,27.1,27.1,21.1,,51,,JohnDa05
343,333,Josh Johnson,TAM,QB,25,9,1,19,36,246,1,2,11,67,6.09,0,2,0,0,,0,1,1,0,,,15,14.5,17.5,16.5,,52,,JohnJo05
344,334,Anthony McCoy,SEA,TE,24,16,9,0,0,0,0,0,0,0,,0,24,13,146,11.23,0,0,,0,,,15,27.6,30.6,21.1,,53,,McCoAn00
345,335,Bruce Miller,SFO,RB,24,15,8,0,0,0,0,0,4,8,2.00,0,15,11,83,7.55,1,1,,1,,,15,26.1,26.1,20.6,,98,,MillBr02
346,336,Ovie Mughelli,ATL,RB,31,7,5,0,0,0,0,0,2,1,0.50,0,8,4,25,6.25,2,0,,2,,,15,18.6,18.6,16.6,,101,,MughOv00
347,337,Brandon Myers,OAK,TE,26,16,7,0,0,0,0,0,0,0,,0,27,16,151,9.44,0,0,,0,,,15,31.1,34.1,23.1,,52,,MyerBr00
348,338,Kevin Ogletree,DAL,WR,24,14,1,0,0,0,0,0,2,3,1.50,0,26,15,164,10.93,0,1,1,0,,,15,29.7,33.7,22.2,,132,,OgleKe00
349,339,Steve Slaton,2TM,RB,25,6,0,0,0,0,0,0,24,84,3.50,1,4,3,3,1.00,0,0,,1,,,15,17.7,17.7,16.2,,100,,SlatSt00
350,340,Mike Sims-Walker,2TM,WR,27,6,4,0,0,0,0,0,0,0,,0,33,12,150,12.50,0,0,,0,,,15,27.0,30.0,21.0,,131,,WalkMi01
351,341,David Anderson,2TM,WR,28,6,0,0,0,0,0,0,0,0,,0,16,7,79,11.29,1,0,,1,,,14,20.9,20.9,17.4,,133,,AndeDa01
352,342,Martellus Bennett,DAL,TE,24,14,7,0,0,0,0,0,0,0,,0,26,17,144,8.47,0,0,,0,,,14,31.4,34.4,22.9,,54,,BennMa00
353,343,Jeremiah Johnson,DEN,RB,24,8,0,0,0,0,0,0,14,77,5.50,0,9,7,62,8.86,0,0,,0,,,14,20.9,20.9,17.4,,102,,JohnJe01
354,344,Dion Lewis,PHI,RB,21,15,0,0,0,0,0,0,23,102,4.43,1,1,1,-3,-3.00,0,1,1,1,,,14,14.9,18.9,14.4,,103,,LewiDi00
355,345,Stephen McGee,DAL,QB,26,1,0,24,38,182,1,0,4,28,7.00,0,0,0,0,,0,0,,0,,,14,14.1,14.1,14.1,,53,,McGeSt00
356,346,Bear Pascoe,NYG,TE,25,16,11,0,0,0,0,0,0,0,,0,16,12,136,11.33,0,0,,0,,,14,25.6,28.6,19.6,,56,,PascBe00
357,347,Logan Paulsen,WAS,TE,24,16,6,0,0,0,0,0,0,0,,0,19,11,138,12.55,0,0,,0,,,14,24.8,27.8,19.3,,55,,PaulLo00
358,348,Brandon Saine,GNB,RB,23,8,0,0,0,0,0,0,18,69,3.83,0,12,10,69,6.90,0,0,,0,,,14,23.8,23.8,18.8,,104,,SainBr00
359,349,Jamaal Charles,KAN,RB,25,2,1,0,0,0,0,0,12,83,6.92,0,6,5,9,1.80,1,1,1,1,,,13,18.2,19.2,15.7,,105,,CharJa00
360,350,Jonathan Dwyer,PIT,RB,22,7,0,0,0,0,0,0,16,123,7.69,0,1,1,6,6.00,0,0,,0,,,13,13.9,16.9,13.4,,106,,DwyeJo00
361,351,Mossis Madu,TAM,RB,24,9,0,0,0,0,0,0,15,55,3.67,0,12,10,72,7.20,0,0,,0,,,13,22.7,22.7,17.7,,107,,MaduMo00
362,352,Michael Palmer,ATL,TE,23,16,2,0,0,0,0,0,0,0,,0,16,10,72,7.20,1,0,,1,,,13,23.2,23.2,18.2,,57,,PalmMi00
363,353,Charlie Whitehurst,SEA,QB,29,3,2,27,56,298,1,1,4,13,3.25,0,0,0,0,,0,2,1,0,,,13,13.2,15.2,14.2,,54,,WhitCh02
364,354,Terrence Austin,WAS,WR,23,13,0,0,0,0,0,0,0,0,,0,26,12,137,11.42,0,1,1,0,,,12,23.7,27.7,17.7,,135,,AustTe00
365,355,Greg Camarillo,MIN,WR,29,13,0,0,0,0,0,0,0,0,,0,24,9,121,13.44,0,0,,0,,,12,21.1,24.1,16.6,,134,,CamaGr00
366,356,Colin Cloherty,JAX,TE,24,4,1,0,0,0,0,0,0,0,,0,8,4,57,14.25,0,0,,1,,,12,15.7,15.7,13.7,,58,,ClohCo00
367,357,Jamie Harper,TEN,RB,22,13,0,0,0,0,0,0,17,44,2.59,1,6,4,32,8.00,0,1,1,1,,,12,15.6,16.6,13.6,,111,,HarpJa01
368,358,Spencer Larsen,DEN,RB,27,16,6,0,0,0,0,0,14,44,3.14,0,9,9,76,8.44,0,0,,0,,,12,21.0,21.0,16.5,,109,,LarsSp99
369,359,Donald Lee,CIN,TE,31,9,4,0,0,0,0,0,0,0,,0,13,11,115,10.45,0,0,,0,,,12,22.5,25.5,17.0,,60,,LeexDo00
371,360,Michael Robinson*,SEA,RB,28,14,4,0,0,0,0,0,4,7,1.75,0,14,9,74,8.22,1,1,1,1,,,12,21.1,22.1,16.6,,108,,RobiMi00
372,361,Dante Rosario,2TM,TE,27,16,3,0,0,0,0,0,0,0,,0,11,7,117,16.71,0,0,,0,,,12,18.7,21.7,15.2,,59,,RosaDa00
373,362,Shane Vereen,NWE,RB,22,5,0,0,0,0,0,0,15,57,3.80,1,0,0,0,,0,0,,1,,,12,11.7,11.7,11.7,,110,,VereSh00
374,363,Donnie Avery,TEN,WR,27,8,0,0,0,0,0,0,0,0,,0,11,3,45,15.00,1,0,,1,,,11,13.5,13.5,12.0,,139,,AverDo00
375,364,Lorenzo Booker,MIN,RB,27,15,0,0,0,0,0,0,13,52,4.00,0,14,8,82,10.25,0,3,1,0,,,11,19.4,20.4,15.4,,112,,BookLo00
376,365,John Conner,NYJ,RB,24,16,8,0,0,0,0,0,13,44,3.38,1,5,2,9,4.50,0,0,,1,,,11,13.3,13.3,12.3,,113,,ConnJo00
377,366,Terrance Copper,KAN,WR,29,16,2,0,0,0,0,0,0,0,,0,12,8,114,14.25,0,0,,0,,,11,19.4,22.4,15.4,,136,,CoppTe00
378,367,Domenik Hixon,NYG,WR,27,2,0,0,0,0,0,0,0,0,,0,6,4,50,12.50,1,0,,1,,,11,15.0,15.0,13.0,,137,,HixoDo00
379,368,Rob Housler,ARI,TE,23,12,2,0,0,0,0,0,0,0,,0,26,12,133,11.08,0,1,1,0,,,11,23.3,27.3,17.3,,61,,HousRo01
380,369,Sam Hurd,CHI,WR,26,12,0,0,0,0,0,0,0,0,,0,15,8,109,13.63,0,1,,0,,,11,18.9,21.9,14.9,,138,,HurdSa00
381,370,Sammy Morris,DAL,RB,34,3,0,0,0,0,0,0,28,98,3.50,0,7,5,13,2.60,0,0,,0,,,11,16.1,16.1,13.6,,114,,MorrSa00
382,371,John Clay,PIT,RB,23,2,0,0,0,0,0,0,10,41,4.10,1,0,0,0,,0,0,,1,,,10,10.1,10.1,10.1,,116,,ClayJo00
383,372,Colin Cochart,CIN,TE,24,10,3,0,0,0,0,0,0,0,,0,9,5,44,8.80,1,0,,1,,,10,15.4,15.4,12.9,,62,,CochCo00
384,373,Tom Crabtree,GNB,TE,26,16,9,0,0,0,0,0,0,0,,0,8,6,38,6.33,1,0,,1,,,10,15.8,15.8,12.8,,64,,CrabTo00
385,374,Jake Delhomme,HOU,QB,36,1,0,18,28,211,1,0,0,0,,0,0,0,0,,0,1,1,0,,,10,10.4,11.4,10.4,,55,,DelhJa00
386,375,Julian Edelman,NWE,WR,25,13,0,0,0,0,0,0,4,8,2.00,0,9,4,34,8.50,0,3,,1,,,10,14.2,14.2,12.2,,140,,EdelJu00
387,376,Taiwan Jones,OAK,RB,23,10,0,0,0,0,0,0,16,73,4.56,0,3,2,25,12.50,0,0,,0,,,10,11.8,11.8,10.8,,117,,JoneTa00
388,377,Vonta Leach*+,BAL,RB,30,16,16,0,0,0,0,0,12,35,2.92,0,27,15,69,4.60,0,0,,0,,,10,25.4,25.4,17.9,,115,,LeacVo00
389,378,Zach Miller,JAX,TE,27,4,0,0,0,0,0,0,0,0,,0,7,4,42,10.50,1,0,,1,,,10,14.2,14.2,12.2,,63,,MillZa02
390,379,Jerheme Urban,KAN,WR,31,6,1,0,0,0,0,0,1,7,7.00,0,13,4,35,8.75,1,0,,1,,,10,14.2,14.2,12.2,,141,,UrbaJe00
391,380,Ramses Barden,NYG,WR,25,8,0,0,0,0,0,0,0,0,,0,19,9,94,10.44,0,0,,0,,,9,18.4,18.4,13.9,,142,,BardRa00
392,381,Bernard Berrian,MIN,WR,31,5,1,0,0,0,0,0,0,0,,0,23,7,91,13.00,0,0,,0,,,9,16.1,16.1,12.6,,144,,BerrBe00
393,382,Richie Brockel,CAR,TE,25,11,2,0,0,0,0,0,3,12,4.00,1,3,3,13,4.33,0,0,,1,,,9,11.5,11.5,10.0,,66,,BrocRi00
394,383,Keary Colbert,KAN,WR,29,7,0,0,0,0,0,0,0,0,,0,12,9,89,9.89,0,1,,0,,,9,17.9,17.9,13.4,,147,,ColbKe00
395,384,Kevin Faulk,NWE,RB,35,7,3,0,0,0,0,0,17,57,3.35,0,9,7,34,4.86,0,0,,0,,,9,16.1,16.1,12.6,,118,,FaulKe00
396,385,Daniel Graham,TEN,TE,33,16,7,0,0,0,0,0,0,0,,0,5,2,25,12.50,1,0,,1,,,9,10.5,10.5,9.5,,67,,GrahDa00
397,386,Chad Hall,PHI,WR,25,7,0,0,0,0,0,0,3,13,4.33,0,9,3,20,6.67,1,0,,1,,,9,12.3,12.3,10.8,,143,,HallCh00
398,387,Greg Jones,JAX,RB,30,16,9,0,0,0,0,0,2,7,3.50,1,9,4,19,4.75,0,0,,1,,,9,12.6,12.6,10.6,,119,,JoneGr01
399,388,Marc Mariani,TEN,WR,24,16,0,0,0,0,0,0,1,4,4.00,0,12,5,24,4.80,0,1,,1,,,9,13.8,13.8,11.3,,149,,MariMa00
400,389,Weslye Saunders,PIT,WR,22,16,6,0,0,0,0,0,0,0,,0,8,4,29,7.25,1,0,,1,,,9,12.9,12.9,10.9,,148,,SaunWe00
402,390,Cecil Shorts,JAX,WR,24,10,0,0,0,0,0,0,0,0,,0,12,2,30,15.00,1,0,,1,,,9,11.0,11.0,10.0,,145,,ShorCe00
403,391,Luke Stocker,TAM,TE,23,14,9,0,0,0,0,0,0,0,,0,17,12,92,7.67,0,0,,0,,,9,21.2,21.2,15.2,,65,,StocLu00
404,392,Eric Weems,ATL,WR,26,16,2,0,0,0,0,0,0,0,,0,14,11,90,8.18,0,0,,0,,,9,20.0,20.0,14.5,,146,,WeemEr00
405,393,John Gilmore,NOR,TE,32,14,4,0,0,0,0,0,0,0,,0,6,3,20,6.67,1,0,,1,,,8,11.0,11.0,9.5,,68,,GilmJo00
406,394,Michael Hoomanawanui,STL,WR,23,8,8,0,0,0,0,0,0,0,,0,13,7,83,11.86,0,0,,0,,,8,15.3,15.3,11.8,,150,,HoomMi00
407,395,Henry Hynoski,NYG,RB,23,11,4,0,0,0,0,0,0,0,,0,16,12,83,6.92,0,0,,0,,,8,20.3,20.3,14.3,,120,,HynoHe01
408,396,Ruvell Martin,BUF,WR,29,14,0,0,0,0,0,0,0,0,,0,16,7,82,11.71,0,0,,0,,,8,15.2,15.2,11.7,,151,,MartRu00
409,397,Cameron Morrah,SEA,TE,24,9,4,0,0,0,0,0,1,1,1.00,0,13,6,74,12.33,0,0,,0,,,8,13.5,13.5,10.5,,69,,MorrCa00
410,398,Anthony Sherman,ARI,RB,23,15,7,0,0,0,0,0,1,3,3.00,0,9,8,72,9.00,0,0,,0,,,8,15.5,15.5,11.5,,121,,SherAn00
411,399,Billy Bajema,STL,TE,29,16,12,0,0,0,0,0,0,0,,0,14,9,71,7.89,0,0,,0,,,7,16.1,16.1,11.6,,70,,BajeBi00
412,400,Brandon Banks,WAS,WR,24,16,0,1,1,49,1,0,1,1,1.00,0,1,1,10,10.00,0,7,,0,,,7,8.1,8.1,7.6,,153,,BankBr00
413,401,Rock Cartwright,OAK,RB,32,15,0,0,0,0,0,0,4,45,11.25,0,6,4,24,6.00,0,0,,0,,,7,10.9,10.9,8.9,,122,,CartRo01
414,402,Chris Cooley,WAS,TE,29,5,5,0,0,0,0,0,2,3,1.50,0,13,8,65,8.13,0,0,,0,,,7,14.8,14.8,10.8,,71,,CoolCh00
415,403,Lee Evans,BAL,WR,30,9,2,0,0,0,0,0,0,0,,0,26,4,74,18.50,0,0,,0,,,7,11.4,11.4,9.4,,152,,EvanLe00
416,404,Nick Miller,2TM,WR,24,8,0,0,0,0,0,0,0,0,,0,1,1,8,8.00,0,0,,1,,,7,7.8,7.8,7.3,,154,,MillNi00
417,405,Richard Bartel,ARI,QB,28,2,0,10,22,86,1,1,1,9,9.00,0,0,0,0,,0,0,,0,,,6,6.3,7.3,7.3,,57,,BartRi00
418,406,Charlie Batch,PIT,QB,37,4,1,15,24,208,0,1,3,-2,-0.67,0,0,0,0,,0,0,,0,,,6,6.1,7.1,7.1,,59,,BatcCh00
419,407,Rashied Davis,DET,WR,32,11,0,0,0,0,0,0,0,0,,0,5,4,63,15.75,0,0,,0,,,6,10.3,10.3,8.3,,155,,DaviRa00
420,408,Richard Goodman,SDG,,24,16,0,0,0,0,0,0,0,0,,0,2,0,0,,0,0,,1,,,6,6.0,6.0,6.0,,156,,GoodRi00
421,409,Bruce Gradkowski,CIN,QB,28,2,0,8,18,109,1,1,3,1,0.33,0,0,0,0,,0,0,,0,,,6,6.5,7.5,7.5,,56,,GradBr00
422,410,Matt Leinart,HOU,QB,28,2,1,10,13,57,1,0,1,-1,-1.00,0,0,0,0,,0,0,,0,,,6,6.2,6.2,6.2,,58,,LeinMa00
423,411,Brit Miller,STL,RB,25,12,1,0,0,0,0,0,5,14,2.80,0,3,3,41,13.67,0,0,,0,,,6,8.5,8.5,7.0,,123,,MillBr01
424,412,Matthew Mulligan,NYJ,TE,26,16,9,0,0,0,0,0,0,0,,0,9,5,58,11.60,0,0,,0,,,6,10.8,10.8,8.3,,73,,MullMa00
425,413,Kealoha Pilares,CAR,,23,12,0,0,0,0,0,0,0,0,,0,0,0,0,,0,1,,1,,,6,6.0,6.0,6.0,,157,,PilaKe00
426,414,Ryan Taylor,GNB,TE,24,15,0,0,0,0,0,0,0,0,,0,1,1,4,4.00,1,0,,1,,,6,7.4,7.4,6.9,,72,,TaylRy00
427,415,Armando Allen,CHI,RB,22,2,0,0,0,0,0,0,15,48,3.20,0,1,0,0,,0,0,,0,,,5,4.8,4.8,4.8,,127,,AlleAr00
428,416,Danny Amendola,STL,WR,26,1,1,0,0,0,0,0,0,0,,0,6,5,45,9.00,0,1,,0,,,5,9.5,9.5,7.0,,160,,AmenDa00
429,417,Deon Butler,SEA,WR,25,5,0,0,0,0,0,0,0,0,,0,7,6,51,8.50,0,0,,0,,,5,11.1,11.1,8.1,,158,,ButlDe00
430,418,Tyler Clutts,CHI,RB,27,16,8,0,0,0,0,0,0,0,,0,10,8,48,6.00,0,1,,0,,,5,12.8,12.8,8.8,,128,,ClutTy00
431,419,Jerome Felton,2TM,RB,25,14,3,0,0,0,0,0,3,10,3.33,0,7,4,40,10.00,0,0,,0,,,5,9.0,9.0,7.0,,125,,FeltJe00
433,420,Ahmard Hall,TEN,RB,32,12,7,0,0,0,0,0,6,24,4.00,0,14,9,46,5.11,0,1,1,0,,,5,14.0,15.0,9.5,,126,,HallAh00
434,421,DuJuan Harris,JAX,RB,23,5,0,0,0,0,0,0,9,42,4.67,0,2,1,4,4.00,0,0,,0,,,5,5.6,5.6,5.1,,129,,HarrDu01
435,422,Erik Lorig,TAM,RB,25,16,7,0,0,0,0,0,0,0,,0,9,6,53,8.83,0,0,,0,,,5,11.3,11.3,8.3,,124,,LoriEr99
436,423,Jake O'Connell,KAN,TE,26,8,4,0,0,0,0,0,0,0,,0,12,7,52,7.43,0,0,,0,,,5,12.2,12.2,8.7,,74,,OConJa00
437,424,Zach Potter,JAX,TE,25,15,7,0,0,0,0,0,0,0,,0,7,5,50,10.00,0,0,,0,,,5,10.0,10.0,7.5,,75,,PottZa99
438,425,Chris Redman,ATL,QB,34,5,0,18,28,188,0,1,5,-6,-1.20,0,0,0,0,,0,0,,0,,,5,4.9,5.9,5.9,,60,,RedmCh00
439,426,LaQuan Williams,BAL,WR,23,12,0,0,0,0,0,0,0,0,,0,12,4,46,11.50,0,2,,0,,,5,8.6,8.6,6.6,,159,,WillLa01
440,427,Kyle Boller,OAK,QB,30,2,1,15,28,161,0,3,9,38,4.22,0,0,0,0,,0,3,,0,,,4,4.2,7.2,7.2,,61,,BollKy00
441,428,Stephen Burton,MIN,WR,22,3,0,0,0,0,0,0,0,0,,0,3,2,38,19.00,0,0,,0,,,4,5.8,5.8,4.8,,163,,BurtSt00
442,429,Mike Caussin,BUF,TE,24,6,2,0,0,0,0,0,0,0,,0,6,5,41,8.20,0,0,,0,,,4,9.1,9.1,6.6,,77,,CausMi00
443,430,Jeff Cumberland,NYJ,TE,24,3,0,0,0,0,0,0,0,0,,0,5,2,35,17.50,0,0,,0,,,4,5.5,5.5,4.5,,80,,CumbJe00
444,431,Tony Fiammetta,DAL,RB,25,10,6,0,0,0,0,0,4,4,1.00,0,5,3,39,13.00,0,0,,0,,,4,7.3,7.3,5.8,,131,,FiamTo00
445,432,Jerome Harrison,DET,RB,28,4,0,0,0,0,0,0,14,41,2.93,0,2,1,3,3.00,0,0,,0,,,4,5.4,5.4,4.9,,130,,HarrJe00
446,433,Will Heller,DET,TE,30,16,7,0,0,0,0,0,0,0,,0,12,6,42,7.00,0,0,,0,,,4,10.2,10.2,7.2,,76,,HellWi00
447,434,Owen Marecic,CLE,RB,23,14,4,0,0,0,0,0,4,8,2.00,0,7,5,31,6.20,0,1,,0,,,4,8.9,8.9,6.4,,134,,MareOw00
448,435,Luke McCown,JAX,QB,30,4,2,30,56,296,0,4,7,23,3.29,0,0,0,0,,0,2,1,0,,,4,4.1,9.1,8.1,,62,,McCoLu00
449,436,Jerious Norwood,STL,RB,28,9,0,0,1,0,0,1,24,61,2.54,0,1,0,0,,0,0,,0,,,4,4.1,5.1,5.1,,132,,NorwJe00
450,437,Kassim Osgood,JAX,WR,31,12,2,0,0,0,0,0,0,0,,0,11,5,42,8.40,0,0,,0,,,4,9.2,9.2,6.7,,161,,OsgoKa00
451,438,Montell Owens*,JAX,RB,27,13,0,0,0,0,0,0,10,39,3.90,0,3,2,2,1.00,0,0,,0,,,4,6.1,6.1,5.1,,133,,OwenMo01
452,439,Zack Pianalto,TAM,TE,22,13,0,0,0,0,0,0,0,0,,0,5,4,40,10.00,0,0,,0,,,4,8.0,8.0,6.0,,78,,PianZa00
453,440,Taylor Price,2TM,WR,24,5,0,0,0,0,0,0,0,0,,0,4,2,39,19.50,0,0,,0,,,4,5.9,5.9,4.9,,162,,PricTa00
454,441,Andrew Quarless,GNB,TE,23,10,2,0,0,0,0,0,0,0,,0,4,3,36,12.00,0,0,,0,,,4,6.6,6.6,5.1,,79,,QuarAn00
455,442,DeMarco Sampson,ARI,WR,26,12,0,0,0,0,0,0,0,0,,0,8,3,36,12.00,0,0,,0,,,4,6.6,6.6,5.1,,165,,SampDe00
456,443,Owen Schmitt,PHI,RB,26,16,5,0,0,0,0,0,4,6,1.50,0,7,3,32,10.67,0,0,,0,,,4,6.8,6.8,5.3,,135,,SchmOw00
457,444,Devin Thomas,NYG,WR,25,16,0,0,0,0,0,0,0,0,,0,3,3,37,12.33,0,0,,0,,,4,6.7,6.7,5.2,,164,,ThomDe02
458,445,Johnny White,BUF,RB,23,12,0,0,0,0,0,0,12,38,3.17,0,4,1,-3,-3.00,0,0,,0,,,4,4.5,4.5,4.0,,136,,WhitJo01
459,446,Adrian Arrington,NOR,WR,26,4,0,0,0,0,0,0,0,0,,0,3,2,31,15.50,0,0,,0,,,3,5.1,5.1,4.1,,168,,ArriAd00
460,447,Anthony Becht,KAN,TE,34,9,5,0,0,0,0,0,0,0,,0,4,3,26,8.67,0,0,,0,,,3,5.6,5.6,4.1,,84,,BechAn00
461,448,Kevin Brock,BUF,TE,25,2,0,0,0,0,0,0,0,0,,0,2,2,27,13.50,0,0,,0,,,3,4.7,4.7,3.7,,83,,BrocKe00
462,449,Jordan Cameron,CLE,TE,23,8,2,0,0,0,0,0,0,0,,0,13,6,33,5.50,0,0,,0,,,3,9.3,9.3,6.3,,81,,CameJo00
464,450,Mark Clayton,STL,WR,29,2,1,0,0,0,0,0,0,0,,0,4,3,26,8.67,0,0,,0,,,3,5.6,5.6,4.1,,174,,ClayMa01
465,451,Jim Dray,ARI,TE,25,10,0,0,0,0,0,0,0,0,,0,5,2,25,12.50,0,0,,0,,,3,4.5,4.5,3.5,,85,,DrayJi00
466,452,Kris Durham,SEA,WR,23,3,0,0,0,0,0,0,0,0,,0,4,3,30,10.00,0,0,,0,,,3,6.0,6.0,4.5,,170,,DurhKr00
467,453,Brody Eldridge,IND,TE,24,13,8,0,0,0,0,0,0,0,,0,10,9,45,5.00,0,0,1,0,,,3,11.5,12.5,7.0,,86,,EldrBr00
468,454,Quinn Johnson,TEN,RB,25,4,1,0,0,0,0,0,0,0,,0,3,3,30,10.00,0,0,,0,,,3,6.0,6.0,4.5,,137,,JohnQu00
469,455,Jon Kitna,DAL,QB,39,3,0,6,10,87,1,2,3,-2,-0.67,0,0,0,0,,0,0,,0,,,3,3.3,5.3,5.3,,63,,KitnJo00
470,456,J.P. Losman,MIA,QB,30,2,0,6,10,60,0,0,2,1,0.50,0,0,0,0,,0,1,,0,,,3,2.5,2.5,2.5,,64,,LosmJ.00
471,457,Carlton Mitchell,CLE,WR,23,11,0,0,0,0,0,0,0,0,,0,4,3,31,10.33,0,0,,0,,,3,6.1,6.1,4.6,,169,,MitcCa00
472,458,Niles Paul,WAS,WR,22,13,2,0,0,0,0,0,1,7,7.00,0,5,2,25,12.50,0,0,,0,,,3,5.2,5.2,4.2,,166,,PaulNi00
473,459,Bilal Powell,NYJ,RB,23,2,0,0,0,0,0,0,13,21,1.62,0,1,1,7,7.00,0,1,,0,,,3,3.8,3.8,3.3,,140,,PoweBi00
474,460,Brian Robiskie,CLE,WR,24,6,2,0,0,0,0,0,0,0,,0,9,3,25,8.33,0,0,,0,,,3,5.5,5.5,4.0,,176,,RobiBr00
475,461,Matthew Slater*,NWE,WR,26,16,3,0,0,0,0,0,0,0,,0,3,1,46,46.00,0,1,1,0,,,3,3.6,4.6,3.1,,175,,SlatMa00
476,462,Kory Sperry,SDG,TE,26,16,4,0,0,0,0,0,0,0,,0,5,1,32,32.00,0,0,,0,,,3,4.2,4.2,3.7,,82,,SperKo00
477,463,Sammie Stroughter,TAM,WR,25,6,0,0,0,0,0,0,0,0,,0,7,4,52,13.00,0,1,1,0,,,3,7.2,8.2,5.2,,167,,StroSa00
478,464,Manase Tonga,OAK,RB,27,11,3,0,0,0,0,0,1,12,12.00,0,4,3,18,6.00,0,0,,0,,,3,6.0,6.0,4.5,,138,,TongMa00
479,465,Tiquan Underwood,NWE,WR,24,6,0,0,0,0,0,0,0,0,,0,6,3,30,10.00,0,0,,0,,,3,6.0,6.0,4.5,,171,,UndeTi00
480,466,Lawrence Vickers,HOU,RB,28,14,1,0,0,0,0,0,1,0,0.00,0,8,4,29,7.25,0,0,,0,,,3,6.9,6.9,4.9,,139,,VickLa00
481,467,Bryan Walters,SDG,WR,24,4,0,0,0,0,0,0,0,0,,0,4,3,27,9.00,0,0,,0,,,3,5.7,5.7,4.2,,172,,WaltBr00
482,468,Ryan Whalen,CIN,WR,22,4,0,0,0,0,0,0,0,0,,0,5,4,27,6.75,0,0,,0,,,3,6.7,6.7,4.7,,173,,WhalRy00
483,469,Brock Bolen,JAX,RB,26,13,0,0,0,0,0,0,2,14,7.00,0,5,2,6,3.00,0,0,,0,,,2,4.0,4.0,3.0,,143,,BoleBr00
484,470,Thomas Clayton,CLE,RB,27,3,0,0,0,0,0,0,8,12,1.50,0,1,1,3,3.00,0,0,,0,,,2,2.5,2.5,2.0,,147,,ClayTh00
485,471,Clyde Gates,MIA,WR,25,15,0,0,0,0,0,0,1,4,4.00,0,,2,19,9.50,0,0,,0,,,2,4.3,4.3,3.3,,177,,GateCl00
486,472,Garrett Graham,HOU,RB,25,7,0,0,0,0,0,0,0,0,,0,2,1,24,24.00,0,0,,0,,,2,3.4,3.4,2.9,,141,,GrahGa00
487,473,Alex Green,GNB,RB,23,4,0,0,0,0,0,0,3,11,3.67,0,1,1,6,6.00,0,0,,0,,,2,2.7,2.7,2.2,,146,,GreeAl00
488,474,Virgil Green,DEN,TE,23,15,3,0,0,0,0,0,0,0,,0,5,3,24,8.00,0,0,,0,,,2,5.4,5.4,3.9,,87,,GreeVi00
489,475,Roscoe Parrish,BUF,WR,29,2,2,0,0,0,0,0,0,0,,0,4,1,16,16.00,0,0,,0,,,2,2.6,2.6,2.1,,180,,ParrRo00
490,476,Justin Peelle,SFO,TE,32,14,2,0,0,0,0,0,0,0,,0,4,1,19,19.00,0,0,,0,,,2,2.9,2.9,2.4,,88,,PeelJu00
491,477,Cedric Peerman,CIN,RB,25,15,0,0,0,0,0,0,3,15,5.00,0,1,0,0,,0,0,,0,,,2,1.5,1.5,1.5,,148,,PeerCe00
492,478,Chris Pressley,CIN,RB,25,15,10,0,0,0,0,0,0,0,,0,5,3,19,6.33,0,0,,0,,,2,4.9,4.9,3.4,,144,,PresCh00
493,479,Mike Sellers,WAS,TE,36,12,0,0,0,0,0,0,0,0,,0,2,1,15,15.00,0,0,,0,,,2,2.5,2.5,2.0,,90,,SellMi00
495,480,Chansi Stuckey,ARI,WR,28,9,0,0,0,0,0,0,0,0,,0,8,4,39,9.75,0,1,1,0,,,2,5.9,6.9,3.9,,179,,StucCh20
496,481,Brett Swain,SFO,WR,26,5,1,0,0,0,0,0,0,0,,0,7,2,15,7.50,0,0,,0,,,2,3.5,3.5,2.5,,181,,SwaiBr00
497,482,Brandon Tate,CIN,,24,16,0,0,0,0,0,0,0,0,,0,0,0,0,,0,3,2,1,,,2,2.0,4.0,2.0,,178,,TateBr00
498,483,David Thomas,NOR,TE,28,5,2,0,0,0,0,0,0,0,,0,9,5,16,3.20,0,0,,0,,,2,6.6,6.6,4.1,,89,,ThomDa02
499,484,Josh Vaughan,CAR,RB,25,7,0,0,0,0,0,0,7,24,3.43,0,0,0,0,,0,0,,0,,,2,2.4,2.4,2.4,,142,,VaugJo01
500,485,Eddie Williams,2TM,RB,24,6,0,0,0,0,0,0,2,2,1.00,0,1,1,17,17.00,0,0,,0,,,2,2.9,2.9,2.4,,145,,WillEd00
501,486,Anthony Allen,BAL,RB,23,5,0,0,0,0,0,0,3,8,2.67,0,0,0,0,,0,0,,0,,,1,0.8,0.8,0.8,,155,,AlleAn01
502,487,Emmanuel Arceneaux,MIN,WR,24,3,0,0,0,0,0,0,0,0,,0,2,1,10,10.00,0,0,,0,,,1,2.0,2.0,1.5,,186,,ArceEm00
503,488,David Ausberry,OAK,TE,24,12,0,0,0,0,0,0,1,-2,-2.00,0,2,2,14,7.00,0,0,,0,,,1,3.2,3.2,2.2,,92,,AusbDa00
504,489,Allen Bradford,TAM,RB,23,1,0,0,0,0,0,0,5,13,2.60,0,0,0,0,,0,0,,0,,,1,1.3,1.3,1.3,,149,,BradAl00
505,490,Aaron Brown,DET,RB,26,1,0,0,0,0,0,0,1,0,0.00,0,1,1,9,9.00,0,0,,0,,,1,1.9,1.9,1.4,,152,,BrowAa00
506,491,Mark Brunell,NYJ,QB,41,16,0,1,3,27,0,0,0,0,,0,0,0,0,,0,0,,0,,,1,1.1,1.1,1.1,,67,,BrunMa00
507,492,Shaun Chapas,DAL,RB,23,3,0,0,0,0,0,0,0,0,,0,1,1,9,9.00,0,0,,0,,,1,1.9,1.9,1.4,,153,,ChapSh00
508,493,Mike Cox,ATL,RB,26,9,5,0,0,0,0,0,0,0,,0,3,2,8,4.00,0,1,,0,,,1,2.8,2.8,1.8,,156,,Cox_Mi20
509,494,Chase Daniel,NOR,QB,25,16,0,4,5,29,0,0,3,-3,-1.00,0,0,0,0,,0,0,,0,,,1,0.9,0.9,0.9,,69,,DaniCh00
510,495,Ryan D'Imperio,MIN,RB,24,12,1,0,0,0,0,0,0,0,,0,6,2,7,3.50,0,0,,0,,,1,2.7,2.7,1.7,,157,,DImpRy00
511,496,Armanti Edwards,CAR,WR,23,16,0,1,1,11,0,0,1,5,5.00,0,0,0,0,,0,0,,0,,,1,0.9,0.9,0.9,,187,,EdwaAr00
512,497,Anthony Hill,IND,TE,26,7,2,0,0,0,0,0,0,0,,0,3,2,10,5.00,0,0,,0,,,1,3.0,3.0,2.0,,93,,HillAn00
513,498,Shaun Hill,DET,QB,31,2,0,2,3,33,0,0,1,-1,-1.00,0,0,0,0,,0,0,,0,,,1,1.2,1.2,1.2,,65,,HillSh00
514,499,Jeremy Horne,KAN,WR,25,9,0,0,0,0,0,0,1,5,5.00,0,2,0,0,,0,0,,0,,,1,0.5,0.5,0.5,,191,,HornJe00
515,500,Brian Hoyer,NWE,QB,26,3,0,1,1,22,0,0,4,-3,-0.75,0,0,0,0,,0,0,,0,,,1,0.6,0.6,0.6,,70,,HoyeBr00
516,501,Colin Kaepernick,SFO,QB,24,3,0,3,5,35,0,0,2,-2,-1.00,0,0,0,0,,0,0,,0,,,1,1.2,1.2,1.2,,66,,KaepCo00
517,502,Reggie Kelly,ATL,TE,34,16,2,0,0,0,0,0,0,0,,0,2,1,7,7.00,0,0,,0,,,1,1.7,1.7,1.2,,95,,KellRe00
518,503,Stefan Logan,DET,WR,30,16,1,0,0,0,0,0,9,32,3.56,0,1,1,19,19.00,0,6,2,0,,,1,2.1,4.1,1.6,,184,,LogaSt00
519,504,Ryan Mahaffey,IND,RB,24,5,0,0,0,0,0,0,0,0,,0,1,1,5,5.00,0,0,,0,,,1,1.5,1.5,1.0,,158,,MahaRy00
520,505,Jeron Mastrud,MIA,TE,24,14,3,0,0,0,0,0,0,0,,0,2,1,8,8.00,0,0,,0,,,1,1.8,1.8,1.3,,94,,MastJe20
521,506,Reagan Maui'a,ARI,RB,27,3,3,0,0,0,0,0,0,0,,0,1,1,12,12.00,0,0,,0,,,1,2.2,2.2,1.7,,150,,MauiRe00
522,507,Allen Reisner,MIN,TE,23,6,0,0,0,0,0,0,0,0,,0,1,1,5,5.00,0,0,,0,,,1,1.5,1.5,1.0,,96,,ReisAl00
523,508,Da'Rel Scott,NYG,RB,23,11,0,0,0,0,0,0,5,16,3.20,0,2,2,13,6.50,0,1,1,0,,,1,2.9,3.9,1.9,,154,,ScotDa01
524,509,Jordan Shipley,CIN,WR,26,2,0,0,0,0,0,0,0,0,,0,5,4,14,3.50,0,1,,0,,,1,5.4,5.4,3.4,,182,,ShipJo00
526,510,Lee Smith,BUF,WR,24,10,3,0,0,0,0,0,0,0,,0,4,4,11,2.75,0,0,,0,,,1,5.1,5.1,3.1,,185,,SmitLe00
527,511,Micheal Spurlock,TAM,WR,28,12,0,0,1,0,0,0,0,0,,0,6,2,13,6.50,0,0,,0,,,1,3.3,3.3,2.3,,183,,SpurMi00
528,512,Brandon Stokley,NYG,WR,35,2,0,0,0,0,0,0,0,0,,0,3,1,7,7.00,0,0,,0,,,1,1.7,1.7,1.2,,189,,StokBr00
529,513,Maurice Stovall,DET,WR,26,15,0,0,0,0,0,0,0,0,,0,3,1,8,8.00,0,0,,0,,,1,1.8,1.8,1.3,,188,,StovMa00
530,514,Tyrod Taylor,BAL,QB,22,3,0,1,1,18,0,0,1,2,2.00,0,0,0,0,,0,0,,0,,,1,0.9,0.9,0.9,,68,,TaylTy00
531,515,Julius Thomas,DEN,TE,23,5,1,0,0,0,0,0,0,0,,0,7,1,5,5.00,0,0,,0,,,1,1.5,1.5,1.0,,97,,ThomJu00
532,516,Chauncey Washington,DAL,RB,26,2,0,0,0,0,0,0,1,-1,-1.00,0,3,2,13,6.50,0,0,,0,,,1,3.2,3.2,2.2,,151,,WashCh00
533,517,D.J. Williams,GNB,TE,23,13,0,0,0,0,0,0,0,0,,0,4,2,13,6.50,0,0,,0,,,1,3.3,3.3,2.3,,91,,WillD.00
534,518,George Wilson,BUF,WR,30,13,13,0,0,0,0,0,1,6,6.00,0,0,0,0,,0,0,,0,,,1,0.6,0.6,0.6,,190,,WilsGe01
535,519,Darvin Adams,CAR,,21,2,0,0,0,0,0,0,0,0,,0,,0,0,,0,,,0,,,,,,,,193,,AdamDa00
536,520,Kyle Adams,CHI,,23,8,0,0,0,0,0,0,0,0,,0,,0,0,,0,0,,0,,,,,,,,103,,AdamKy00
537,521,Kamar Aiken,BUF,,22,2,0,0,0,0,0,0,0,0,,0,0,0,0,,0,,,0,,,,,,,,194,,AikeKa00
538,522,Seyi Ajirotutu,CAR,WR,24,14,0,0,0,0,0,0,0,0,,0,2,1,4,4.00,0,0,,0,,,,1.4,1.4,0.9,,192,,AjirSe00
539,523,Derek Anderson,CAR,QB,28,2,0,0,0,0,0,0,2,-2,-1.00,0,0,0,0,,0,0,,0,,,,-0.2,-0.2,-0.2,,75,,AndeDe00
540,524,Arnaz Battle,PIT,,31,10,0,0,0,0,0,0,0,0,,0,1,0,0,,0,,,0,,,,,,,,195,,BattAr00
541,525,Tom Brandstater,STL,QB,27,1,0,0,2,0,0,0,0,0,,0,0,0,0,,0,0,,0,,,,,,,,72,,BranTo00
542,526,Eldra Buckley,DET,,26,2,0,,,,,,,,,,,,,,,,,0,,,,,,,,170,,BuckEl00
543,527,Dominique Byrd,2TM,,27,3,0,0,0,0,0,0,0,0,,0,0,0,0,,0,0,,0,,,,,,,,104,,ByrdDo00
544,528,Rudy Carpenter,TAM,,25,1,0,0,0,0,0,0,0,0,,0,,0,0,,0,,,0,,,,,,,,73,,CarpRu00
545,529,Michael Clayton,NYG,,29,5,0,0,0,0,0,0,0,0,,0,1,0,0,,0,,,0,,,,,,,,196,,ClayMi00
546,530,Kevin Cone,ATL,,23,1,0,0,0,0,0,0,0,0,,0,,0,0,,0,,,0,,,,,,,,197,,ConeKe00
547,531,Dominique Curry,STL,,24,16,0,0,0,0,0,0,0,0,,0,0,0,0,,0,0,,0,,,,,,,,198,,CurrDo00
548,532,Tandon Doss,BAL,,22,6,0,0,0,0,0,0,0,0,,0,2,0,0,,0,,,0,,,,,,,,199,,DossTa00
549,533,Shaun Draughn,KAN,,24,1,0,0,0,0,0,0,0,0,,0,,0,0,,0,,,0,,,,,,,,163,,DrauSh00
550,534,Darren Evans,IND,,23,2,0,0,0,0,0,0,0,0,,0,,0,0,,0,,,0,,,,,,,,164,,EvanDa00
551,535,Collin Franklin,TAM,,23,2,0,0,0,0,0,0,0,0,,0,2,0,0,,0,,,0,,,,,,,,105,,FranCo00
552,536,Anthony Gonzalez,IND,,27,8,0,0,0,0,0,0,0,0,,0,2,0,0,,0,,,0,,,,,,,,200,,GonzAn00
553,537,Mike Goodson,CAR,RB,24,4,0,0,0,0,0,0,0,0,,0,3,1,4,4.00,0,0,,0,,,,1.4,1.4,0.9,,159,,GoodMi00
554,538,Richard Gordon,OAK,TE,24,14,1,0,0,0,0,0,0,0,,0,1,1,2,2.00,0,0,,0,,,,1.2,1.2,0.7,,100,,GordRi00
555,539,Chris Gronkowski,IND,,25,7,0,0,0,0,0,0,0,0,,0,0,0,0,,0,,,0,,,,,,,,165,,GronCh00
557,540,Dan Gronkowski,2TM,,26,7,1,0,0,0,0,0,0,0,,0,0,0,0,,0,,,0,,,,,,,,106,,GronDa00
558,541,Clark Harris,CIN,,27,16,0,0,0,0,0,0,0,0,,0,,0,0,,0,,,0,,,,,,,,107,,HarrCl20
559,542,Dwayne Harris,DAL,,24,7,0,0,0,0,0,0,0,0,,0,0,0,0,,0,0,,0,,,,,,,,201,,HarrDw00
560,543,Ben Hartsock,CAR,,31,15,2,0,0,0,0,0,0,0,,0,0,0,0,,0,0,,0,,,,,,,,108,,HartBe00
561,544,Joe Hastings,SFO,,24,1,0,0,0,0,0,0,0,0,,0,1,0,0,,0,,,0,,,,,,,,202,,HastJo00
562,545,Michael Higgins,NOR,TE,24,2,0,0,0,0,0,0,0,0,,0,1,1,4,4.00,0,0,,0,,,,1.4,1.4,0.9,,98,,HiggMi00
563,546,Trindon Holliday,HOU,,25,1,0,0,0,0,0,0,0,0,,0,0,0,0,,0,0,,0,,,,,,,,203,,HollTr00
564,547,Brian Jennings*,SFO,,35,16,0,0,0,0,0,0,0,0,,0,,0,0,,0,,,0,,,,,,,,109,,JennBr00
565,548,Jerrel Jernigan,NYG,,22,8,0,0,0,0,0,0,0,0,,0,2,0,0,,0,0,,0,,,,,,,,204,,JernJe00
566,549,Jaymar Johnson,ARI,,27,1,0,0,0,0,0,0,0,0,,0,,0,0,,0,,,0,,,,,,,,205,,JohnJa01
567,550,Larry Johnson,MIA,RB,32,1,0,0,0,0,0,0,1,2,2.00,0,0,0,0,,0,0,,0,,,,0.2,0.2,0.2,,161,,JohnLa00
568,551,Mike Kafka,PHI,QB,24,4,0,11,16,107,0,2,3,0,0.00,0,0,0,0,,0,0,,0,,,,0.3,2.3,2.3,,71,,KafkMi00
569,552,Jim Kleinsasser,MIN,TE,34,16,11,0,0,0,0,0,0,0,,0,6,1,4,4.00,0,0,,0,,,,1.4,1.4,0.9,,99,,KleiJi00
570,553,Max Komar,CHI,,24,2,0,0,0,0,0,0,0,0,,0,,0,0,,0,,,0,,,,,,,,206,,KomaMa00
571,554,Jameson Konz,SEA,,25,1,0,0,0,0,0,0,0,0,,0,,0,0,,0,,,0,,,,,,,,110,,KonzJa00
572,555,Mike Leach,ARI,,35,16,0,0,0,0,0,0,0,0,,0,0,0,0,,0,,,0,,,,,,,,111,,LeacMi00
573,556,Jeff Maehl,HOU,,22,3,0,0,0,0,0,0,0,0,,0,1,0,0,,0,,,0,,,,,,,,207,,MaehJe00
574,557,Steve Maneri,KAN,TE,23,6,1,0,0,0,0,0,0,0,,0,2,1,1,1.00,0,0,,0,,,,1.1,1.1,0.6,,102,,ManeSt00
575,558,David Martin,BUF,,32,3,0,,,,,,,,,,,,,,,,,0,,,,,,,,121,,MartDa00
576,559,Corey McIntyre,BUF,RB,32,16,1,0,0,0,0,0,0,0,,0,1,1,4,4.00,0,0,,0,,,,1.4,1.4,0.9,,160,,McInCo00
577,560,Mike McNeill,IND,,23,4,0,,,,,,,,,,,,,,,,,0,,,,,,,,122,,McNeMi00
578,561,Richard Medlin,MIA,,24,1,0,0,0,0,0,0,0,0,,0,,0,0,,0,,,0,,,,,,,,166,,MedlRi00
579,562,Kerry Meier,ATL,,25,12,0,0,0,0,0,0,0,0,,0,1,0,0,,0,,,0,,,,,,,,208,,MeieKe00
580,563,Marlon Moore,MIA,,24,6,0,0,0,0,0,0,0,0,,0,0,0,0,,0,,,0,,,,,,,,209,,MoorMa02
581,564,Rob Myers,WAS,,25,1,0,0,0,0,0,0,0,0,,0,,0,0,,0,,,0,,,,,,,,112,,MyerRo00
582,565,Jamar Newsome,JAX,,24,2,0,0,0,0,0,0,0,0,,0,1,0,0,,0,,,0,,,,,,,,210,,NewsJa00
583,566,Moran Norris,SFO,,33,5,2,0,0,0,0,0,0,0,,0,,0,0,,0,,,0,,,,,,,,3,,NorrMo00
584,567,Fendi Onobun,JAX,,25,1,0,0,0,0,0,0,0,0,,0,1,0,0,,0,,,0,,,,,,,,113,,OnobFe00
585,568,Lousaka Polite,NWE,,30,1,0,0,0,0,0,0,0,0,,0,0,0,0,,0,,,0,,,,,,,,167,,PoliLo00
586,569,Quinn Porter,STL,,25,12,0,0,0,0,0,0,0,0,,0,1,0,0,,0,1,,0,,,,,,,,168,,PortQu00
588,570,Julius Pruitt,MIA,,26,9,0,0,0,0,0,0,0,0,,0,0,0,0,,0,,,0,,,,,,,,211,,PruiJu00
589,571,Terrelle Pryor,OAK,,22,1,0,0,0,0,0,0,0,0,,0,0,0,0,,0,,,0,,,,,,,,74,,PryoTe00
590,572,Richard Quinn,WAS,,25,1,0,0,0,0,0,0,0,0,,0,,0,0,,0,,,0,,,,,,,,114,,QuinRi00
591,573,Courtney Roby,NOR,,28,16,0,0,0,0,0,0,0,0,,0,0,0,0,,0,,,0,,,,,,,,212,,RobyCo00
592,574,Martin Rucker,2TM,,26,2,0,0,0,0,0,0,0,0,,0,1,0,0,,0,,,0,,,,,,,,115,,RuckMa00
593,575,Antone Smith,ATL,,26,12,0,0,0,0,0,0,0,0,,0,0,0,0,,0,,,0,,,,,,,,169,,SmitAn01
594,576,Armond Smith,CLE,RB,25,3,0,0,0,0,0,0,3,2,0.67,0,1,0,0,,0,0,,0,,,,0.2,0.2,0.2,,162,,SmitAr00
595,577,Justin Snow,IND,,35,16,0,0,0,0,0,0,0,0,,0,0,0,0,,0,,,0,,,,,,,,116,,SnowJu00
596,578,Nate Solder,NWE,,23,16,13,0,0,0,0,0,0,0,,0,0,0,0,,0,,,0,,,,,,,,117,,SoldNa00
597,579,Stephen Spach,STL,TE,29,10,1,0,0,0,0,0,0,0,,0,3,2,2,1.00,0,0,,0,,,,2.2,2.2,1.2,,101,,SpacSt00
598,580,Tyler Thigpen,BUF,QB,27,3,0,3,8,25,0,1,1,8,8.00,0,0,0,0,,0,0,,0,,,,-0.2,0.8,0.8,,76,,ThigTy00
599,581,Roberto Wallace,MIA,,25,2,0,0,0,0,0,0,0,0,,0,,0,0,,0,,,0,,,,,,,,213,,WallRo01
600,582,Blair White,IND,,24,7,0,0,0,0,0,0,0,0,,0,0,0,0,,0,0,,0,,,,,,,,214,,WhitBl00
601,583,Chris Williams,CHI,,26,9,9,0,0,0,0,0,0,0,,0,0,0,0,,0,,,0,,,,,,,,215,,WillCh03
602,584,Stephen Williams,ARI,,25,2,0,0,0,0,0,0,0,0,,0,,0,0,,0,,,0,,,,,,,,216,,WillSt01
603,585,Kris Wilson,BAL,,30,15,0,0,0,0,0,0,0,0,,0,0,0,0,,0,,,0,,,,,,,,118,,WilsKr00
604,586,Will Yeatman,MIA,,23,3,2,0,0,0,0,0,0,0,,0,1,0,0,,0,,,0,,,,,,,,119,,YeatWi00
605,587,Joe Zelenka,ATL,,35,16,0,0,0,0,0,0,0,0,,0,,0,0,,0,,,0,,,,,,,,120,,ZeleJo00
606,588,Billy Volek,SDG,QB,35,2,0,0,0,0,0,0,5,-5,-1.00,0,0,0,0,,0,0,,0,,,-1,-0.5,-0.5,-0.5,,77,,VoleBi00
607,589,Quan Cosby,DEN,,29,10,0,0,0,0,0,0,0,0,,0,0,0,0,,0,2,1,0,,,-2,-2.0,-1.0,-2.0,,217,,CosbQu00
608,590,David Reed,BAL,WR,24,11,0,0,0,0,0,0,1,16,16.00,0,2,0,0,,0,3,2,0,,,-2,-2.4,-0.4,-2.4,,218,,ReedDa00
