,Rank,Player,Team,Pos,Age,G,GS,passCmp,passAtt,passYds,passTD,passInt,rushAtt,rushYds,rushYPA,rushTD,Tgt,Rec,recYds,recYPR,recTD,Fmb,FL,TD,2PM,2PP,FantPt,PPR,DKPt,FDPt,VBD,PosRank,OvRank,ID,Year
0,1,Priest Holmes*+,KAN,RB,30,16,16,0,1,0,0,0,320,1420,4.44,27,90,74,690,9.32,0,1,1,27,,,371,445.0,452.0,408.0,229,1,1,HolmPr00,2003
1,2,LaDainian Tomlinson,SDG,RB,24,16,16,1,1,21,1,0,313,1645,5.26,13,137,100,725,7.25,4,2,,17,,,344,443.8,449.8,393.8,202,2,2,TomlLa00,2003
2,3,Ahman Green*,GNB,RB,26,16,16,0,0,0,0,0,355,1883,5.30,15,60,50,367,7.34,5,7,5,20,,,335,385.0,396.0,360.0,193,3,3,GreeAh00,2003
3,4,Randy Moss*+,MIN,WR,26,16,16,0,1,0,0,0,6,18,3.00,0,172,111,1632,14.70,17,1,1,17,,,265,376.0,380.0,320.5,161,1,4,MossRa00,2003
4,5,Jamal Lewis*+,BAL,RB,24,16,16,0,0,0,0,0,387,2066,5.34,14,38,26,205,7.88,0,8,6,14,,,299,325.1,337.1,312.1,157,4,5,LewiJa00,2003
5,6,Torry Holt*+,STL,WR,27,16,15,0,0,0,0,0,1,5,5.00,0,183,117,1696,14.50,12,1,,12,,,242,359.1,362.1,300.6,138,2,6,HoltTo00,2003
6,7,Clinton Portis*,DEN,RB,22,13,13,0,0,0,0,0,290,1591,5.49,14,51,38,314,8.26,0,3,1,14,1,,275,312.5,319.5,293.5,133,5,7,PortCl00,2003
7,8,Shaun Alexander*,SEA,RB,26,16,15,0,0,0,0,0,326,1435,4.40,14,59,42,295,7.02,2,4,3,16,,,263,305.0,314.0,284.0,121,6,8,AlexSh00,2003
8,9,Deuce McAllister*,NOR,RB,25,16,16,0,2,0,0,0,351,1641,4.68,8,87,69,516,7.48,0,6,3,8,,,258,326.7,335.7,292.2,116,7,9,McAlDe00,2003
9,10,Chad Johnson*,CIN,WR,25,16,14,0,0,0,0,0,0,0,,0,154,90,1355,15.06,10,0,,10,,,196,285.5,288.5,240.5,91,3,10,JohnCh01,2003
10,11,Tony Gonzalez*+,KAN,TE,27,16,16,0,0,0,0,0,0,0,,0,106,71,916,12.90,10,0,,10,,,152,222.6,225.6,187.1,88,1,11,GonzTo00,2003
11,12,Fred Taylor,JAX,RB,27,16,16,0,0,0,0,0,345,1572,4.56,6,74,48,370,7.71,1,6,4,7,,,228,276.2,286.2,252.2,86,8,12,TaylFr00,2003
12,13,Marvin Harrison*,IND,WR,31,15,15,0,0,0,0,0,1,3,3.00,0,142,94,1272,13.53,10,2,1,10,,,186,279.5,283.5,232.5,81,4,13,HarrMa00,2003
13,14,Ricky Williams,MIA,RB,26,16,16,0,0,0,0,0,392,1372,3.50,9,62,50,351,7.02,1,7,5,10,,,222,272.3,283.3,247.3,80,9,14,WillRi00,2003
14,15,Hines Ward*,PIT,WR,27,16,16,0,0,0,0,0,11,61,5.55,0,156,95,1163,12.24,10,0,,10,,,182,277.4,280.4,229.9,78,5,15,WardHi00,2003
15,16,Anquan Boldin*,ARI,WR,23,16,16,0,1,0,0,1,5,40,8.00,0,165,101,1377,13.63,8,3,3,8,,,182,282.7,289.7,233.2,77,6,16,BoldAn00,2003
16,17,Derrick Mason*,TEN,WR,29,16,16,0,0,0,0,0,3,11,3.67,0,133,95,1303,13.72,8,0,,8,,,179,274.4,277.4,226.9,75,7,17,MasoDe00,2003
17,18,Edgerrin James,IND,RB,25,13,13,0,0,0,0,0,310,1259,4.06,11,71,51,292,5.73,0,5,3,11,,,215,266.1,275.1,240.6,73,10,18,JameEd00,2003
18,19,Santana Moss,NYJ,WR,24,16,12,0,0,0,0,0,10,67,6.70,0,117,74,1105,14.93,10,4,2,10,,,173,247.2,252.2,210.2,69,8,19,MossSa00,2003
19,20,Travis Henry,BUF,RB,25,15,15,0,1,0,0,1,331,1356,4.10,10,40,28,158,5.64,1,7,3,11,,,209,237.4,247.4,224.4,67,11,20,HenrTr00,2003
20,21,Keenan McCardell*,TAM,WR,33,16,16,0,0,0,0,0,0,0,,0,139,84,1174,13.98,8,1,1,9,,,169,253.4,257.4,211.4,65,9,21,McCaKe00,2003
21,22,Shannon Sharpe,DEN,TE,35,15,15,0,0,0,0,0,0,0,,0,94,62,770,12.42,8,0,,8,,,125,187.0,190.0,156.0,62,2,22,SharSh00,2003
22,23,Darrell Jackson,SEA,WR,25,16,16,0,0,0,0,0,0,0,,0,130,68,1137,16.72,9,1,1,9,,,166,233.7,237.7,199.7,61,10,23,JackDa00,2003
23,24,Stephen Davis*,CAR,RB,29,14,14,0,0,0,0,0,318,1444,4.54,8,17,14,159,11.36,0,3,3,8,,,202,216.3,225.3,209.3,60,12,24,DaviSt00,2003
24,25,Terrell Owens*,SFO,WR,30,15,15,0,0,0,0,0,3,-2,-0.67,0,146,80,1102,13.78,9,0,,9,,,164,244.0,247.0,204.0,60,11,25,OwenTe00,2003
25,26,Chris Chambers,MIA,WR,25,16,16,0,0,0,0,0,4,30,7.50,0,130,64,963,15.05,11,1,1,11,,,163,227.3,231.3,195.3,59,12,26,ChamCh00,2003
26,27,Steve Smith Sr.,CAR,WR,24,16,11,0,0,0,0,0,11,42,3.82,0,142,88,1110,12.61,7,5,,8,,,163,251.2,254.2,207.2,59,13,27,SmitSt01,2003
27,28,Daunte Culpepper*,MIN,QB,26,14,14,295,454,3479,25,11,73,422,5.78,4,0,0,0,,0,16,6,4,,1,273,273.4,296.4,284.4,58,1,28,CulpDa00,2003
28,29,Laveranues Coles*,WAS,WR,26,16,16,0,0,0,0,0,10,39,3.90,0,159,82,1204,14.68,6,0,,6,,,160,242.3,245.3,201.3,56,14,29,ColeLa00,2003
30,30,Joe Horn,NOR,WR,31,15,14,1,1,14,0,0,2,15,7.50,0,130,78,973,12.47,10,2,,10,,,159,237.4,240.4,198.4,55,15,30,HornJo00,2003
31,31,Peyton Manning*+,IND,QB,27,16,16,379,566,4267,29,10,28,26,0.93,0,1,1,-2,-2.00,0,6,2,0,,1,267,268.1,283.1,277.6,52,2,31,MannPe00,2003
32,32,Moe Williams,MIN,RB,29,16,7,0,0,0,0,0,174,745,4.28,5,87,65,644,9.91,3,2,1,8,,,185,249.9,256.9,217.4,43,13,32,WillMo00,2003
33,33,Peter Warrick,CIN,WR,26,15,14,0,0,0,0,0,18,157,8.72,0,122,79,819,10.37,7,2,1,8,,,144,222.6,229.6,183.1,39,16,33,WarrPe00,2003
34,34,Domanick Williams,HOU,RB,23,14,10,0,0,0,0,0,238,1031,4.33,8,68,47,351,7.47,0,4,3,8,,,180,227.2,236.2,203.7,38,14,34,DaviDo01,2003
35,35,Trent Green*,KAN,QB,33,16,16,330,523,4039,24,12,26,83,3.19,2,0,0,0,,0,5,1,2,,,252,251.9,267.9,263.9,36,3,35,GreeTr00,2003
36,36,Marshall Faulk,STL,RB,30,11,11,0,0,0,0,0,209,818,3.91,10,61,45,290,6.44,1,0,,11,,,177,221.8,227.8,199.3,35,15,36,FaulMa00,2003
37,37,Matt Hasselbeck*,SEA,QB,28,16,16,313,513,3841,26,15,36,125,3.47,2,0,0,0,,0,4,1,2,,,250,250.1,272.1,265.1,35,4,37,HassMa00,2003
38,38,Todd Heap*,BAL,TE,23,16,16,0,0,0,0,0,3,21,7.00,0,112,57,693,12.16,3,1,,3,4,,97,154.4,157.4,125.9,34,3,38,HeapTo00,2003
39,39,Tiki Barber,NYG,RB,28,16,16,0,0,0,0,0,278,1216,4.37,2,98,69,461,6.68,1,9,6,3,1,,176,244.7,256.7,210.2,34,16,39,BarbTi00,2003
40,40,Amani Toomer,NYG,WR,29,16,16,0,0,0,0,0,1,5,5.00,0,152,63,1057,16.78,5,0,,5,,,136,199.2,202.2,167.7,32,17,40,ToomAm00,2003
41,41,Brian Westbrook,PHI,RB,24,15,8,0,0,0,0,0,117,613,5.24,7,48,37,332,8.97,4,3,1,13,,,171,207.5,214.5,189.0,29,17,41,WestBr00,2003
42,42,Isaac Bruce,STL,WR,31,15,15,2,2,66,0,0,2,17,8.50,0,119,69,981,14.22,5,0,,5,,,132,201.4,204.4,166.9,28,18,42,BrucIs00,2003
43,43,David Boston,SDG,WR,25,14,14,0,0,0,0,0,3,18,6.00,0,115,70,880,12.57,7,2,2,7,1,,130,199.8,204.8,164.8,25,19,43,BostDa00,2003
44,44,Steve McNair*,TEN,QB,30,14,14,250,400,3215,24,7,38,138,3.63,4,1,1,4,4.00,0,12,6,4,1,1,241,241.8,260.8,248.3,25,5,44,McNaSt00,2003
45,45,Kevan Barlow,SFO,RB,24,16,4,0,0,0,0,0,201,1024,5.09,6,44,35,307,8.77,1,5,4,7,,,167,202.1,212.1,184.6,25,18,45,BarlKe00,2003
46,46,Justin McCareins,TEN,WR,25,16,10,0,0,0,0,0,1,13,13.00,0,82,47,813,17.30,7,2,1,8,,,129,175.6,179.6,152.1,24,20,46,McCaJu00,2003
47,47,Curtis Martin,NYJ,RB,30,16,16,0,0,0,0,0,323,1308,4.05,2,53,42,262,6.24,0,2,2,2,,,165,207.0,215.0,186.0,23,19,47,MartCu00,2003
48,48,Rudi Johnson,CIN,RB,24,13,5,0,0,0,0,0,215,957,4.45,9,23,21,146,6.95,0,0,,9,,,164,185.3,191.3,174.8,22,20,48,JohnRu00,2003
49,49,Reggie Wayne,IND,WR,25,16,16,0,0,0,0,0,0,0,,0,107,68,838,12.32,7,0,,7,,,126,193.8,196.8,159.8,21,21,49,WaynRe00,2003
50,50,Javon Walker,GNB,WR,25,16,3,0,0,0,0,0,2,1,0.50,0,74,41,716,17.46,9,1,1,9,,,124,164.7,168.7,144.2,19,22,50,WalkJa00,2003
51,51,Rod Smith,DEN,WR,33,15,15,1,1,72,0,0,10,98,9.80,0,114,74,845,11.42,3,0,,4,,,121,195.2,198.2,158.2,17,23,51,SmitRo01,2003
52,52,Andre Johnson,HOU,WR,22,16,16,0,0,0,0,0,5,-10,-2.00,0,119,66,976,14.79,4,0,,4,,,121,186.6,189.6,153.6,16,24,52,JohnAn02,2003
53,53,Koren Robinson,SEA,WR,23,15,15,0,0,0,0,0,4,15,3.75,0,119,65,896,13.78,4,1,1,5,,,119,184.1,188.1,151.6,15,25,53,RobiKo00,2003
54,54,Randy McMichael,MIA,TE,24,16,16,0,0,0,0,0,0,0,,0,83,49,598,12.20,2,0,,3,,,78,126.8,129.8,102.3,14,4,54,McMiRa01,2003
55,55,Aaron Brooks,NOR,QB,27,16,16,306,518,3546,24,8,54,175,3.24,2,1,0,0,,0,14,11,2,,,229,229.3,254.3,237.3,14,6,55,BrooAa00,2003
56,56,Boo Williams,NOR,TE,24,16,6,0,0,0,0,0,0,0,,0,62,41,436,10.63,5,0,,5,,,74,114.6,117.6,94.1,10,5,56,WillBo00,2003
57,57,Eddie Kennison,KAN,WR,30,16,16,0,0,0,0,0,2,9,4.50,0,99,56,853,15.23,5,1,1,5,,,114,170.2,174.2,142.2,10,26,57,KennEd00,2003
58,58,Itula Mili,SEA,TE,30,16,12,0,0,0,0,0,0,0,,0,62,46,492,10.70,4,0,,4,,,73,119.2,122.2,96.2,10,6,58,MiliIt00,2003
59,59,Jeff Garcia,SFO,QB,33,13,13,225,392,2704,18,13,56,319,5.70,7,1,1,6,6.00,0,9,3,7,,1,225,225.7,247.7,238.2,9,7,59,GarcJe00,2003
61,60,Marcus Pollard,IND,TE,31,14,13,0,0,0,0,0,0,0,,0,57,40,541,13.53,3,1,,3,,,72,112.1,115.1,92.1,9,7,60,PollMa00,2003
62,61,Alge Crumpler*,ATL,TE,26,16,16,0,0,0,0,0,0,0,,0,80,44,552,12.55,3,1,1,3,,,71,115.2,119.2,93.2,8,8,61,CrumAl00,2003
63,62,Eddie George,TEN,RB,30,16,16,0,0,0,0,0,312,1031,3.30,5,31,22,163,7.41,0,1,,5,,,149,171.4,177.4,160.4,7,21,62,GeorEd00,2003
64,63,T.J. Duckett,ATL,RB,22,16,10,0,1,0,0,0,197,779,3.95,11,13,11,94,8.55,0,3,2,11,,,149,160.3,165.3,154.8,7,22,63,DuckT.00,2003
65,64,Brett Favre*,GNB,QB,34,16,16,308,471,3361,32,21,18,15,0.83,0,0,0,0,,0,5,2,0,,2,222,221.9,247.9,242.9,6,8,64,FavrBr00,2003
66,65,Terry Glenn,DAL,WR,29,16,14,0,1,0,0,0,3,55,18.33,0,96,52,754,14.50,5,2,,5,,,111,162.9,165.9,136.9,6,27,65,GlenTe00,2003
67,66,Freddie Jones,ARI,TE,29,16,16,0,0,0,0,0,0,0,,0,89,55,517,9.40,3,0,,3,,,70,124.7,127.7,97.2,6,9,66,JoneFr00,2003
68,67,Jon Kitna,CIN,QB,31,16,16,324,520,3591,26,15,38,113,2.97,0,0,0,0,,0,9,4,0,,,221,220.9,245.9,235.9,5,9,67,KitnJo00,2003
69,68,Plaxico Burress,PIT,WR,26,16,16,0,0,0,0,0,1,-7,-7.00,0,124,60,860,14.33,4,1,,4,,,109,169.3,172.3,139.3,5,28,68,BurrPl00,2003
70,69,Marc Bulger*,STL,QB,26,15,15,336,532,3845,22,22,29,75,2.59,4,0,0,0,,0,8,6,4,,1,219,219.3,250.3,241.3,4,10,69,BulgMa00,2003
71,70,Johnnie Morton,KAN,WR,32,16,16,0,0,0,0,0,8,94,11.75,0,92,50,740,14.80,4,0,,4,,,107,157.4,160.4,132.4,3,29,70,MortJo00,2003
72,71,Michael Pittman,TAM,RB,28,16,13,0,0,0,0,0,187,751,4.02,0,121,75,597,7.96,2,4,1,2,,,145,219.8,226.8,182.3,3,23,71,PittMi00,2003
73,72,Jim Kleinsasser,MIN,TE,26,16,16,0,0,0,0,0,2,15,7.50,0,59,46,401,8.72,4,0,,4,,,66,111.6,114.6,88.6,2,10,72,KleiJi00,2003
74,73,Donovan McNabb*,PHI,QB,27,16,16,275,478,3216,16,11,71,355,5.00,3,1,1,-7,-7.00,0,9,3,3,,,217,218.4,238.4,228.9,2,11,73,McNaDo00,2003
75,74,Daniel Graham,NWE,TE,25,14,9,0,0,0,0,0,0,0,,0,63,38,409,10.76,4,0,,4,,,65,102.9,105.9,83.9,1,11,74,GrahDa00,2003
76,75,Tom Lopienski,IND,,24,4,0,0,0,0,0,0,0,0,,0,,0,0,,0,,,0,,,,,,,,9,75,LopiTo20,2003
77,76,Andrew Pinnock,SDG,,23,16,0,0,0,0,0,0,0,0,,0,0,0,0,,0,0,,0,,,,,,,,16,76,PinnAn00,2003
78,77,Malaefou MacKenzie,JAX,,24,1,0,0,0,0,0,0,0,0,,0,0,0,0,,0,,,0,,,,,,,,10,77,MacKMa20,2003
79,78,Jimmy Smith,JAX,WR,34,12,12,0,0,0,0,0,0,0,,0,112,54,805,14.91,4,1,,4,,,105,158.5,161.5,131.5,,30,78,SmitJi00,2003
80,79,Brad Johnson,TAM,QB,35,16,16,354,570,3811,26,21,25,33,1.32,0,1,0,-2,,0,6,2,0,,1,216,215.5,241.5,236.5,,12,,JohnBr00,2003
81,80,Tom Brady,NWE,QB,26,16,16,317,527,3620,23,12,42,63,1.50,1,0,0,0,,0,13,5,1,,,215,215.1,235.1,227.1,,13,,BradTo00,2003
82,81,Quincy Carter,DAL,QB,26,16,16,292,505,3302,17,21,68,257,3.78,2,0,0,0,,0,10,3,2,,,190,189.8,219.8,210.8,,14,,CartQu00,2003
83,82,Tommy Maddox,PIT,QB,32,16,16,298,519,3414,18,17,13,12,0.92,0,0,0,0,,0,5,2,0,,,172,171.8,193.8,188.8,,15,,MaddTo00,2003
84,83,Jake Delhomme,CAR,QB,28,16,15,266,449,3219,19,16,42,39,0.93,1,0,0,0,,0,15,6,1,,,171,170.7,195.7,186.7,,16,,DelhJa00,2003
85,84,Jake Plummer,DEN,QB,29,11,11,189,302,2182,15,7,37,205,5.54,3,0,0,0,,0,4,2,3,,,168,167.8,182.8,174.8,,17,,PlumJa00,2003
86,85,Joey Harrington,DET,QB,25,16,16,309,554,2880,17,22,30,86,2.87,0,1,1,8,8.00,0,6,,0,,2,153,153.6,178.6,175.1,,18,,HarrJo00,2003
87,86,Byron Leftwich,JAX,QB,23,15,13,239,418,2819,14,16,25,108,4.32,2,0,0,0,,0,11,6,2,,,148,147.6,175.6,163.6,,19,,LeftBy00,2003
88,87,Anthony Thomas,CHI,RB,26,13,13,0,0,0,0,0,244,1024,4.20,6,14,9,36,4.00,0,1,,6,,,142,151.0,154.0,146.5,,24,,ThomAn01,2003
89,88,Kerry Collins,NYG,QB,31,13,13,284,500,3110,13,16,17,49,2.88,0,0,0,0,,0,12,5,0,1,,141,141.3,165.3,157.3,,20,,CollKe00,2003
90,89,Jeff Blake,ARI,QB,33,13,13,208,367,2247,13,15,30,177,5.90,2,0,0,0,,0,8,3,2,1,,138,137.6,161.6,152.6,,21,,BlakJe00,2003
92,90,Troy Hambrick,DAL,RB,27,16,16,0,0,0,0,0,275,972,3.53,5,24,17,99,5.82,0,4,3,5,,,131,148.1,154.1,139.6,,25,,HambTr00,2003
93,91,Patrick Ramsey,WAS,QB,24,11,11,179,337,2166,14,9,15,62,4.13,1,0,0,0,,0,8,5,1,,2,131,130.8,147.8,139.8,,22,,RamsPa00,2003
94,92,Warrick Dunn,ATL,RB,28,11,6,0,0,0,0,0,125,672,5.38,3,52,37,336,9.08,2,2,1,5,,,129,165.8,172.8,147.3,,26,,DunnWa00,2003
95,93,Chad Pennington,NYJ,QB,27,10,9,189,297,2139,13,12,21,42,2.00,2,0,0,0,,0,8,2,2,,1,128,127.8,144.8,139.8,,23,,PennCh01,2003
96,94,Drew Bledsoe,BUF,QB,31,16,16,274,471,2860,11,12,24,29,1.21,2,0,0,0,,0,15,11,2,,,127,127.3,153.3,139.3,,24,,BledDr00,2003
97,95,Jerome Bettis,PIT,RB,31,16,10,0,0,0,0,0,246,811,3.30,7,22,13,86,6.62,0,5,4,7,1,,126,138.7,145.7,132.2,,27,,BettJe00,2003
98,96,Duce Staley,PHI,RB,28,16,4,0,0,0,0,0,96,463,4.82,5,47,36,382,10.61,2,2,2,7,,,123,158.5,166.5,140.5,,28,,StalDu00,2003
99,97,Jay Fiedler,MIA,QB,32,12,11,179,314,2138,11,13,34,88,2.59,3,0,0,0,,0,7,4,3,,,122,122.3,142.3,135.3,,25,,FiedJa00,2003
100,98,Correll Buckhalter,PHI,RB,25,15,5,0,0,0,0,0,126,542,4.30,8,14,10,133,13.30,1,3,2,9,,,118,127.5,135.5,122.5,,31,,BuckCo00,2003
101,99,David Carr,HOU,QB,24,12,11,167,295,2013,9,13,27,151,5.59,2,1,0,0,,0,4,,2,,,118,117.6,136.6,130.6,,26,,CarrDa00,2003
102,100,Charlie Garner,OAK,RB,31,14,9,0,0,0,0,0,120,553,4.61,3,70,48,386,8.04,1,1,,4,,,118,165.9,171.9,141.9,,29,,GarnCh00,2003
103,101,Garrison Hearst,SFO,RB,32,12,12,0,0,0,0,0,178,768,4.31,3,38,25,211,8.44,1,2,2,4,,,118,142.9,150.9,130.4,,30,,HearGa00,2003
104,102,Drew Brees,SDG,QB,24,11,11,205,356,2108,11,15,21,84,4.00,0,1,1,21,21.00,1,5,3,1,,1,111,111.8,132.8,126.3,,27,,BreeDr00,2003
105,103,Shawn Bryson,DET,RB,27,16,13,0,0,0,0,0,158,606,3.84,3,72,54,340,6.30,0,2,1,3,,,111,164.6,171.6,137.6,,32,,BrysSh00,2003
106,104,Richie Anderson,DAL,RB,32,15,8,0,1,0,0,0,70,306,4.37,1,87,69,493,7.14,4,1,,5,,,110,178.9,184.9,144.4,,33,,AndeRi00,2003
107,105,Bobby Engram,SEA,WR,30,16,7,0,0,0,0,0,0,0,,0,75,52,637,12.25,6,5,1,7,,,104,155.7,159.7,129.7,,31,,EngrBo00,2003
108,106,Kordell Stewart,CHI,QB,31,9,7,126,251,1418,7,12,59,290,4.92,3,0,0,0,,0,7,3,3,1,,104,103.7,124.7,115.7,,28,,StewKo00,2003
109,107,Onterrio Smith,MIN,RB,23,15,3,0,0,0,0,0,107,579,5.41,5,20,15,129,8.60,0,1,,5,1,,103,117.8,123.8,110.3,,34,,SmitOn00,2003
110,108,Peerless Price,ATL,WR,27,16,15,0,0,0,0,0,2,3,1.50,0,141,64,838,13.09,3,0,,3,,,102,166.1,169.1,134.1,,32,,PricPe00,2003
111,109,Tai Streets,SFO,WR,26,16,16,0,0,0,0,0,0,0,,0,85,47,595,12.66,7,0,,7,,,102,148.5,151.5,125.0,,33,,StreTa00,2003
112,110,Kevin Faulk,NWE,RB,27,15,8,0,1,0,0,0,178,638,3.58,0,67,48,440,9.17,0,4,4,0,,,100,147.8,157.8,123.8,,35,,FaulKe00,2003
113,111,Rod Gardner,WAS,WR,26,16,16,2,3,46,2,0,0,0,,0,115,59,600,10.17,5,1,,5,,,100,158.8,161.8,129.3,,34,,GardRo00,2003
114,112,Muhsin Muhammad,CAR,WR,30,15,15,0,0,0,0,0,2,-2,-1.00,0,100,54,837,15.50,3,3,1,3,,,100,153.5,157.5,126.5,,35,,MuhaMu00,2003
115,113,Tyrone Wheatley,OAK,RB,31,15,5,0,0,0,0,0,159,678,4.26,4,18,12,120,10.00,0,2,2,4,,,100,111.8,119.8,105.8,,36,,WheaTy00,2003
116,114,Deion Branch,NWE,WR,24,15,12,0,0,0,0,0,1,11,11.00,0,104,57,803,14.09,3,0,,3,,,99,156.4,159.4,127.9,,36,,BranDe00,2003
117,115,Jerry Rice,OAK,WR,41,16,15,0,1,0,0,0,0,0,,0,124,63,869,13.79,2,2,1,2,,,97,159.9,163.9,128.4,,38,,RiceJe00,2003
118,116,Bobby Shaw,BUF,WR,28,16,7,0,0,0,0,0,0,0,,0,86,56,732,13.07,4,1,,4,,,97,153.2,156.2,125.2,,37,,ShawBo00,2003
119,117,Marty Booker,CHI,WR,27,13,13,0,0,0,0,0,3,-7,-2.33,0,105,52,715,13.75,4,1,,4,,,95,146.8,149.8,120.8,,39,,BookMa00,2003
120,118,Ike Hilliard,NYG,WR,27,13,12,0,0,0,0,0,2,19,9.50,0,102,60,608,10.13,6,2,2,6,,,95,154.7,159.7,124.7,,40,,HillIk00,2003
121,119,Thomas Jones,TAM,RB,25,16,3,0,0,0,0,0,137,627,4.58,3,31,24,180,7.50,0,4,2,3,,,95,118.7,126.7,106.7,,38,,JoneTh00,2003
123,120,Marcel Shipp,ARI,RB,25,16,11,0,0,0,0,0,228,830,3.64,0,37,30,184,6.13,0,3,3,0,,,95,125.4,134.4,110.4,,37,,ShipMa00,2003
124,121,Doug Flutie,SDG,QB,41,7,5,91,167,1097,9,4,33,168,5.09,2,0,0,0,,0,7,5,2,,1,93,92.7,107.7,96.7,,29,,FlutDo00,2003
125,122,Dennis Northcutt,CLE,WR,26,15,6,0,1,0,0,0,12,83,6.92,0,93,62,729,11.76,2,2,1,2,,,91,153.2,157.2,122.2,,41,,NortDe00,2003
126,123,Andre' Davis,CLE,WR,24,16,8,0,0,0,0,0,5,28,5.60,0,62,40,576,14.40,5,2,,5,,,90,130.4,133.4,110.4,,42,,DaviAn01,2003
127,124,Antowain Smith,NWE,RB,31,13,6,0,0,0,0,0,182,642,3.53,3,16,14,92,6.57,0,1,1,3,,,89,103.4,107.4,96.4,,39,,SmitAn00,2003
128,125,Travis Taylor,BAL,WR,25,16,16,0,0,0,0,0,11,62,5.64,0,90,39,632,16.21,3,0,,3,,,87,126.4,129.4,106.9,,43,,TaylTr01,2003
129,126,Amos Zereoue,PIT,RB,27,16,6,0,0,0,0,0,132,433,3.28,2,52,40,310,7.75,0,0,,2,,,86,126.3,132.3,106.3,,40,,ZereAm00,2003
130,127,David Givens,NWE,WR,23,13,5,0,1,0,0,1,0,0,,0,54,34,510,15.00,6,0,,6,,,85,119.0,123.0,103.0,,44,,GiveDa00,2003
131,128,Kelly Holcomb,CLE,QB,30,10,8,193,302,1797,10,12,8,7,0.88,0,0,0,0,,0,5,2,0,,,85,84.6,101.6,96.6,,30,,HolcKe00,2003
132,129,Eric Moulds,BUF,WR,30,13,13,0,0,0,0,0,0,0,,0,121,64,780,12.19,1,0,,1,,,84,148.0,151.0,116.0,,45,,MoulEr00,2003
133,130,Doug Johnson,ATL,QB,26,10,8,136,243,1655,8,12,14,21,1.50,1,0,0,0,,0,3,,1,,,82,82.3,97.3,94.3,,31,,JohnDo00,2003
134,131,Kelly Campbell,MIN,WR,23,15,6,0,0,0,0,0,10,71,7.10,0,46,25,522,20.88,4,2,1,4,,,81,106.3,110.3,93.8,,48,,CampKe00,2003
135,132,Joey Galloway,DAL,WR,32,15,13,0,0,0,0,0,4,22,5.50,0,83,34,672,19.76,2,1,,2,,,81,115.4,118.4,98.4,,46,,GallJo00,2003
136,133,Kevin Johnson,2TM,WR,27,15,9,0,1,0,0,0,0,0,,0,95,58,634,10.93,3,0,,3,,,81,139.4,142.4,110.4,,47,,JohnKe01,2003
137,134,Marcus Robinson,BAL,WR,28,15,5,0,0,0,0,0,0,0,,0,62,31,451,14.55,6,0,,6,,,81,112.1,115.1,96.6,,49,,RobiMa00,2003
138,135,Vinny Testaverde,NYJ,QB,40,7,7,123,198,1385,7,2,6,17,2.83,0,0,0,0,,0,1,,0,,,81,81.1,86.1,83.1,,32,,TestVi00,2003
139,136,Jerome Pathon,NOR,WR,28,16,12,0,0,0,0,0,0,0,,0,80,44,578,13.14,4,1,1,4,,,80,123.8,127.8,101.8,,50,,PathJe00,2003
140,137,Trung Canidate,WAS,RB,26,11,10,0,0,0,0,0,142,600,4.23,1,15,10,71,7.10,1,1,,2,,,79,89.1,92.1,84.1,,41,,CaniTr00,2003
141,138,Rock Cartwright,WAS,RB,24,15,3,0,0,0,0,0,107,411,3.84,4,28,18,176,9.78,0,2,2,4,,,79,96.7,104.7,87.7,,42,,CartRo01,2003
142,139,Donald Driver,GNB,WR,28,15,15,0,0,0,0,0,5,51,10.20,0,86,52,621,11.94,2,0,,2,,,79,131.2,134.2,105.2,,51,,DrivDo00,2003
143,140,Ashley Lelie,DEN,WR,23,16,10,0,0,0,0,0,8,43,5.38,0,81,37,628,16.97,2,0,,2,,,79,116.1,119.1,97.6,,52,,LeliAs00,2003
144,141,Keyshawn Johnson,TAM,WR,31,10,10,0,0,0,0,0,0,0,,0,74,45,600,13.33,3,0,,3,,,78,123.0,126.0,100.5,,53,,JohnKe00,2003
145,142,Dez White,CHI,WR,24,15,11,0,0,0,0,0,2,13,6.50,0,107,49,583,11.90,3,0,,3,,,78,126.6,129.6,102.1,,54,,WhitDe00,2003
146,143,Curtis Conway,NYJ,WR,32,16,15,0,0,0,0,0,0,0,,0,102,46,640,13.91,2,0,,2,,,76,122.0,125.0,99.0,,55,,ConwCu00,2003
147,144,Dante Hall*+,KAN,WR,25,16,2,0,0,0,0,0,16,73,4.56,0,60,40,423,10.58,1,3,2,5,,,76,115.6,120.6,95.6,,57,,HallDa00,2003
148,145,Darnerien McCants,WAS,WR,27,15,1,0,0,0,0,0,0,0,,0,55,27,360,13.33,6,0,,6,2,,76,103.0,106.0,89.5,,56,,McCaDa00,2003
149,146,Drew Bennett,TEN,WR,25,12,8,1,1,14,0,0,0,0,,0,54,32,504,15.75,4,0,,4,,,75,107.0,110.0,91.0,,59,,BennDr00,2003
150,147,Robert Ferguson,GNB,WR,24,15,12,0,0,0,0,0,1,-8,-8.00,0,60,38,520,13.68,4,0,,4,,,75,113.2,116.2,94.2,,58,,FergRo00,2003
151,148,Az-Zahir Hakim,DET,WR,26,14,12,1,1,21,0,0,3,51,17.00,0,108,49,449,9.16,4,2,1,4,1,,75,123.8,127.8,99.3,,60,,HakiAz00,2003
152,149,Troy Brown,NWE,WR,32,12,10,0,0,0,0,0,6,27,4.50,0,60,40,472,11.80,4,2,,4,,,74,113.9,116.9,93.9,,61,,BrowTr00,2003
154,150,Corey Dillon,CIN,RB,29,13,11,0,0,0,0,0,138,541,3.92,2,18,11,71,6.45,0,0,,2,,,73,84.2,87.2,78.7,,43,,DillCo00,2003
155,151,Josh Reed,BUF,WR,23,16,16,0,0,0,0,0,3,38,12.67,0,104,58,588,10.14,2,1,1,2,,,73,130.6,134.6,101.6,,62,,ReedJo01,2003
156,152,Tim Couch,CLE,QB,26,10,8,120,203,1319,7,6,11,39,3.55,1,1,1,-3,-3.00,0,6,3,1,,,72,73.4,85.4,78.9,,33,,CoucTi00,2003
157,153,Corey Bradford,HOU,WR,28,16,6,0,0,0,0,0,0,0,,0,62,24,460,19.17,4,0,,4,,,70,94.0,97.0,82.0,,63,,BradCo00,2003
158,154,DeShaun Foster,CAR,RB,23,14,2,0,0,0,0,0,113,429,3.80,0,35,26,207,7.96,2,3,3,2,,,70,95.6,104.6,82.6,,44,,FostDe00,2003
159,155,Tim Brown,OAK,WR,37,16,15,0,0,0,0,0,0,0,,0,94,52,567,10.90,2,0,,2,,,69,120.7,123.7,94.7,,65,,BrowTi00,2003
160,156,Rich Gannon,OAK,QB,38,7,7,125,225,1274,6,4,6,18,3.00,0,0,0,0,,0,2,,0,,,69,68.8,75.8,72.8,,35,,GannRi00,2003
161,157,Josh McCown,ARI,QB,24,8,3,95,166,1018,5,6,28,158,5.64,1,0,0,0,,0,10,1,1,,,69,68.5,81.5,74.5,,36,,McCoJo01,2003
162,158,Quincy Morgan,CLE,WR,26,16,15,0,0,0,0,0,3,-4,-1.33,0,79,38,516,13.58,3,0,,3,,,69,107.2,110.2,88.2,,64,,MorgQu00,2003
163,159,Anthony Wright,BAL,QB,27,7,7,94,178,1199,9,8,28,73,2.61,0,0,0,0,,0,9,3,0,,,69,69.3,83.3,77.3,,34,,WrigAn00,2003
164,160,Todd Pinkston,PHI,WR,26,16,15,0,0,0,0,0,1,-11,-11.00,0,86,36,575,15.97,2,1,,2,,,68,104.4,107.4,86.4,,66,,PinkTo00,2003
165,161,Antonio Bryant,DAL,WR,22,16,5,0,0,0,0,0,2,0,0.00,0,83,39,550,14.10,2,0,,2,,,67,106.0,109.0,86.5,,67,,BryaAn00,2003
166,162,Freddie Mitchell,PHI,WR,25,16,6,1,1,25,1,0,0,0,,0,59,35,498,14.23,2,0,,2,,,67,101.8,104.8,84.3,,69,,MitcFr00,2003
167,163,James Thrash,PHI,WR,28,16,16,0,0,0,0,0,5,52,10.40,0,92,49,558,11.39,1,0,,1,,,67,116.0,119.0,91.5,,68,,ThraJa00,2003
168,164,Jamel White,CLE,RB,26,16,3,0,0,0,0,0,70,266,3.80,1,69,46,303,6.59,1,1,1,2,,,67,112.9,119.9,89.9,,45,,WhitJa00,2003
169,165,Troy Edwards,JAX,WR,26,13,11,0,0,0,0,0,3,-9,-3.00,0,62,35,487,13.91,3,0,,3,,,66,100.8,103.8,83.3,,71,,EdwaTr00,2003
170,166,Dane Looker,STL,WR,27,16,2,1,1,11,0,0,0,0,,0,75,47,495,10.53,3,1,1,3,,,66,112.9,116.9,89.4,,70,,LookDa00,2003
171,167,Kyle Boller,BAL,QB,22,11,9,116,224,1260,7,9,30,62,2.07,0,1,0,0,,0,9,5,0,,4,65,64.6,81.6,73.6,,37,,BollKy00,2003
172,168,Donte' Stallworth,NOR,WR,23,11,3,0,0,0,0,0,1,3,3.00,0,55,25,485,19.40,3,3,1,3,,,65,89.8,93.8,77.3,,72,,StalDo00,2003
173,169,Jeremy Shockey*,NYG,TE,23,9,9,0,0,0,0,0,0,0,,0,70,48,535,11.15,2,1,1,2,,,64,111.5,115.5,87.5,,12,,ShocJe00,2003
174,170,Troy Walters,IND,WR,27,15,4,0,0,0,0,0,1,6,6.00,0,52,36,456,12.67,3,0,,3,,,64,100.2,103.2,82.2,,73,,WaltTr00,2003
175,171,William Green,CLE,RB,24,7,7,0,0,0,0,0,142,559,3.94,1,14,10,50,5.00,0,5,2,1,,,63,72.9,77.9,67.9,,46,,GreeWi01,2003
176,172,Rick Mirer,OAK,QB,33,9,8,116,221,1267,3,5,20,83,4.15,1,0,0,0,,0,4,2,1,,,63,63.0,73.0,68.0,,38,,MireRi00,2003
177,173,Ricky Proehl,CAR,WR,35,16,2,0,0,0,0,0,0,0,,0,52,27,389,14.41,4,0,,4,,,63,89.9,92.9,76.4,,74,,ProeRi00,2003
178,174,Michael Vick,ATL,QB,23,5,4,50,100,585,4,3,40,255,6.38,1,0,0,0,,0,4,1,1,,,63,62.9,72.9,65.9,,39,,VickMi00,2003
179,175,Anthony Becht,NYJ,TE,26,16,16,0,0,0,0,0,0,0,,0,58,40,356,8.90,4,1,,4,1,,62,101.6,104.6,81.6,,14,,BechAn00,2003
180,176,Michael Bennett,MIN,RB,25,8,7,0,0,0,0,0,90,447,4.97,1,14,12,132,11.00,0,2,1,1,,,62,73.9,80.9,67.9,,47,,BennMi00,2003
181,177,James Jackson,CLE,RB,27,12,6,0,0,0,0,0,102,382,3.75,3,18,14,114,8.14,0,3,3,3,,,62,75.6,84.6,68.6,,48,,JackJa00,2003
182,178,Erron Kinney,TEN,TE,26,16,16,0,0,0,0,0,0,0,,0,58,41,381,9.29,3,1,,4,,,62,103.1,106.1,82.6,,13,,KinnEr00,2003
183,179,Mike Anderson,DEN,RB,30,12,5,0,0,0,0,0,70,257,3.67,3,15,12,53,4.42,2,2,,5,,,61,73.0,76.0,67.0,,49,,AndeMi00,2003
185,180,Zack Crockett,OAK,RB,31,16,7,0,0,0,0,0,48,145,3.02,7,12,7,53,7.57,0,1,1,7,,,60,66.8,70.8,63.3,,50,,CrocZa00,2003
186,181,Tony Fisher,GNB,RB,24,15,0,0,0,0,0,0,40,200,5.00,1,25,21,206,9.81,2,0,,3,,,59,79.6,85.6,69.1,,51,,FishTo00,2003
187,182,Antwaan Randle El,PIT,WR,24,16,1,3,4,6,0,0,15,75,5.00,0,56,37,364,9.84,1,5,2,3,,,58,95.1,100.1,76.6,,75,,RandAn00,2003
188,183,Tim Rattay,SFO,QB,26,11,3,73,118,856,7,2,8,0,0.00,0,0,0,0,,0,0,,0,,,58,58.2,63.2,60.2,,40,,RattTi00,2003
189,184,Olandis Gary,DET,RB,28,13,1,0,0,0,0,0,113,384,3.40,2,22,13,69,5.31,0,1,,2,,,57,70.3,73.3,63.8,,52,,GaryOl00,2003
190,185,Charles Lee,TAM,WR,26,8,5,0,0,0,0,0,2,14,7.00,0,46,33,432,13.09,2,0,,2,,,57,89.6,92.6,73.1,,77,,LeexCh00,2003
191,186,Cedrick Wilson,SFO,WR,25,16,4,1,1,6,0,0,1,-4,-4.00,0,63,35,396,11.31,2,1,,3,,,57,92.4,95.4,74.9,,76,,WilsCe00,2003
192,187,Nate Burleson,MIN,WR,22,16,9,0,0,0,0,0,0,0,,0,57,29,455,15.69,2,1,1,2,,,56,84.5,88.5,70.0,,79,,BurlNa00,2003
193,188,Tyrone Calico,TEN,WR,23,14,2,0,0,0,0,0,1,5,5.00,0,43,18,297,16.50,4,0,,4,1,,56,74.2,77.2,65.2,,78,,CaliTy00,2003
194,189,Najeh Davenport,GNB,RB,24,15,0,0,0,0,0,0,77,420,5.45,2,10,6,38,6.33,0,4,1,2,,,56,61.8,65.8,58.8,,53,,DaveNa00,2003
195,190,Arlen Harris,STL,RB,23,16,2,0,0,0,0,0,85,255,3.00,4,19,15,102,6.80,0,3,2,4,,,56,70.7,78.7,63.2,,54,,HarrAr00,2003
196,191,Mikhael Ricks,DET,TE,29,16,6,0,0,0,0,0,0,0,,0,61,37,434,11.73,2,0,,2,,,55,92.4,95.4,73.9,,15,,RickMi00,2003
197,192,Ladell Betts,WAS,RB,24,9,1,0,0,0,0,0,77,255,3.31,2,23,15,167,11.13,0,0,,2,,,54,69.2,75.2,61.7,,55,,BettLa00,2003
198,193,Jabar Gaffney,HOU,WR,23,16,11,0,1,0,0,0,1,13,13.00,0,57,34,402,11.82,2,0,,2,,,54,87.5,90.5,70.5,,82,,GaffJa00,2003
199,194,James McKnight,MIA,WR,31,15,1,0,0,0,0,0,2,75,37.50,1,43,23,285,12.39,2,1,,3,,,54,77.0,80.0,65.5,,81,,McKnJa00,2003
200,195,Billy Miller,HOU,TE,26,16,6,0,0,0,0,0,0,0,,0,65,40,355,8.88,3,0,,3,,,54,93.5,96.5,73.5,,16,,MillBi00,2003
201,196,Kelley Washington,CIN,WR,24,16,3,0,0,0,0,0,1,5,5.00,0,47,22,299,13.59,4,0,,4,,,54,76.4,79.4,65.4,,80,,WashKe00,2003
202,197,Gus Frerotte,MIN,QB,32,16,2,38,65,690,7,2,12,-2,-0.17,0,0,0,0,,0,2,,0,,1,53,53.4,58.4,55.4,,41,,FrerGu00,2003
203,198,LaMont Jordan,NYJ,RB,25,16,0,0,0,0,0,0,46,190,4.13,4,13,11,101,9.18,0,0,,4,,,53,64.1,70.1,58.6,,56,,JordLa00,2003
204,199,Bubba Franks*,GNB,TE,25,16,15,0,0,0,0,0,0,0,,0,44,30,241,8.03,4,0,,4,2,,52,82.1,85.1,67.1,,17,,FranBu00,2003
205,200,Bill Schroeder,DET,WR,32,16,13,0,1,0,0,0,0,0,,0,80,36,397,11.03,2,0,,2,,,52,87.7,90.7,69.7,,83,,SchrBi00,2003
206,201,Desmond Clark,CHI,TE,26,15,15,0,0,0,0,0,0,0,,0,71,44,433,9.84,2,2,2,2,,,51,95.3,100.3,73.3,,18,,ClarDe00,2003
207,202,Chester Taylor,BAL,RB,24,16,1,0,0,0,0,0,63,276,4.38,2,27,20,132,6.60,0,3,1,2,,,51,70.8,77.8,60.8,,58,,TaylCh01,2003
208,203,LaBrandon Toefield,JAX,RB,23,16,0,1,2,32,0,0,53,212,4.00,2,16,14,105,7.50,1,0,,3,,,51,65.0,71.0,58.0,,57,,ToefLa00,2003
209,204,Chad Morton,WAS,RB,26,15,2,0,0,0,0,0,48,216,4.50,0,26,15,187,12.47,1,1,1,2,,,50,65.3,72.3,57.8,,59,,MortCh00,2003
210,205,Jerald Sowell,NYJ,RB,29,16,16,0,0,0,0,0,1,2,2.00,0,60,47,436,9.28,1,0,,1,,,50,96.8,99.8,73.3,,60,,SoweJe00,2003
211,206,Jed Weaver,SFO,TE,27,16,15,0,0,0,0,0,0,0,,0,53,35,437,12.49,1,1,,1,,,50,84.7,87.7,67.2,,19,,WeavJe00,2003
212,207,Brian Finneran,ATL,WR,27,12,10,0,0,0,0,0,0,0,,0,54,26,368,14.15,2,0,,2,,,49,74.8,77.8,61.8,,84,,FinnBr00,2003
213,208,Antonio Gates,SDG,TE,23,15,11,0,0,0,0,0,0,0,,0,42,24,389,16.21,2,1,1,2,,,49,72.9,76.9,60.9,,20,,GateAn00,2003
214,209,Stacey Mack,HOU,RB,28,8,5,0,1,0,0,1,93,253,2.72,4,12,9,55,6.11,0,2,2,4,,,49,57.8,63.8,54.3,,61,,MackSt00,2003
216,210,Aveion Cason,DAL,RB,24,10,0,1,1,37,0,0,40,220,5.50,2,20,17,142,8.35,0,2,1,2,,,48,64.7,71.7,56.2,,63,,CasoAv00,2003
217,211,Bryant Johnson,ARI,WR,22,15,8,0,0,0,0,0,0,0,,0,77,35,438,12.51,1,1,1,1,,,48,82.8,86.8,65.3,,85,,JohnBr02,2003
218,212,Emmitt Smith,ARI,RB,34,10,5,0,0,0,0,0,90,256,2.84,2,19,14,107,7.64,0,2,,2,,,48,62.3,68.3,55.3,,62,,SmitEm00,2003
219,213,Scotty Anderson,DET,WR,24,9,0,0,0,0,0,0,0,0,,0,31,17,325,19.12,2,0,,2,1,,47,63.5,66.5,55.0,,86,,AndeSc00,2003
220,214,Derrick Blaylock,KAN,RB,24,16,0,0,0,0,0,0,22,112,5.09,2,22,15,181,12.07,1,1,,3,,,47,62.3,68.3,54.8,,64,,BlayDe00,2003
221,215,Tim Hasselbeck,WAS,QB,25,7,5,95,177,1012,5,7,15,41,2.73,0,1,0,0,,0,3,2,0,,,47,46.6,58.6,53.6,,42,,HassTi00,2003
222,216,Chris Chandler,CHI,QB,38,8,6,107,192,1050,3,7,14,35,2.50,0,0,0,0,,0,4,,0,1,,46,45.5,55.5,52.5,,43,,ChanCh00,2003
223,217,Eric Parker,SDG,WR,24,8,4,0,0,0,0,0,3,21,7.00,0,31,18,244,13.56,3,1,,3,,,45,62.5,65.5,53.5,,87,,ParkEr00,2003
224,218,Matt Schobel,CIN,TE,25,15,1,0,0,0,0,0,0,0,,0,30,24,332,13.83,2,2,,2,,,45,69.2,72.2,57.2,,21,,SchoMa00,2003
225,219,Ricky Williams,IND,RB,25,13,4,0,0,0,0,0,48,155,3.23,2,29,22,157,7.14,1,2,2,3,,,45,67.2,75.2,56.2,,65,,WillRi01,2003
226,220,Tony Banks,HOU,QB,30,7,3,61,102,693,5,3,6,27,4.50,0,0,0,0,,0,1,,0,,,44,44.4,50.4,47.4,,44,,BankTo00,2003
227,221,Justin Gage,CHI,WR,22,10,3,0,0,0,0,0,0,0,,0,35,17,338,19.88,2,1,1,2,,,44,60.8,64.8,52.3,,89,,GageJu00,2003
228,222,Robert Holcombe,TEN,RB,28,15,0,0,0,0,0,0,63,201,3.19,1,25,19,121,6.37,1,2,1,2,1,,44,63.2,70.2,53.7,,66,,HolcRo00,2003
229,223,Charles Rogers,DET,WR,22,5,5,0,0,0,0,0,2,17,8.50,0,52,22,243,11.05,3,0,,3,,,44,66.0,69.0,55.0,,88,,RogeCh01,2003
230,224,Mike Cloud,NWE,RB,28,5,1,0,0,0,0,0,27,118,4.37,5,2,1,8,8.00,0,0,,5,,,43,43.6,46.6,43.1,,68,,ClouMi00,2003
231,225,Mack Strong,SEA,RB,32,16,9,0,0,0,0,0,37,174,4.70,1,33,29,216,7.45,0,1,1,1,,,43,72.0,79.0,57.5,,67,,StroMa00,2003
232,226,David Terrell,CHI,WR,24,16,7,0,0,0,0,0,1,4,4.00,0,84,43,361,8.40,1,1,,1,,,43,85.5,88.5,64.0,,90,,TerrDa00,2003
233,227,Lamar Gordon,STL,RB,23,10,4,0,0,0,0,0,71,298,4.20,1,13,8,59,7.38,0,1,,1,,,42,49.7,52.7,45.7,,69,,GordLa00,2003
234,228,Dorsey Levens,NYG,RB,33,11,0,0,0,0,0,0,68,197,2.90,3,7,5,39,7.80,0,0,,3,,,42,46.6,49.6,44.1,,70,,LeveDo00,2003
235,229,Ernie Conwell,NOR,TE,31,10,10,0,0,0,0,0,0,0,,0,44,26,290,11.15,2,1,,2,,,41,67.0,70.0,54.0,,22,,ConwEr00,2003
236,230,Christian Fauria,NWE,TE,32,16,12,0,0,0,0,0,0,0,,0,45,28,285,10.18,2,0,,2,,,41,68.5,71.5,54.5,,24,,FaurCh00,2003
237,231,Justin Griffith,ATL,RB,23,16,11,0,0,0,0,0,38,168,4.42,0,34,21,122,5.81,2,0,,2,,,41,62.0,68.0,51.5,,71,,GrifJu00,2003
238,232,Jerry Porter,OAK,WR,25,10,1,0,0,0,0,0,1,10,10.00,0,57,28,361,12.89,1,1,1,1,,,41,69.1,73.1,55.1,,91,,PortJe00,2003
239,233,Jason Witten,DAL,TE,21,15,7,0,0,0,0,0,0,0,,0,54,35,347,9.91,1,0,,1,,,41,75.7,78.7,58.2,,23,,WittJa00,2003
240,234,Mark Campbell,BUF,TE,28,16,11,0,0,0,0,0,0,0,,0,50,34,339,9.97,1,0,,1,,,40,73.9,76.9,56.9,,26,,CampMa00,2003
241,235,Dallas Clark,IND,TE,24,10,10,0,0,0,0,0,0,0,,0,42,29,340,11.72,1,0,,1,,,40,69.0,72.0,54.5,,25,,ClarDa00,2003
242,236,Kassim Osgood,SDG,WR,23,16,2,0,0,0,0,0,0,0,,0,33,13,278,21.38,2,0,,2,,,40,52.8,55.8,46.3,,92,,OsgoKa00,2003
243,237,Billy Volek,TEN,QB,27,7,1,44,69,545,4,1,11,4,0.36,1,0,0,0,,0,1,1,1,,,40,40.2,45.2,41.2,,45,,VoleBi00,2003
244,238,Quentin Griffin,DEN,RB,22,10,1,0,0,0,0,0,94,345,3.67,0,11,8,61,7.63,0,3,1,0,,,39,46.6,50.6,42.6,,74,,GrifQu00,2003
245,239,William Henderson,GNB,RB,32,16,12,0,0,0,0,0,0,0,,0,34,24,214,8.92,3,0,,3,,,39,63.4,66.4,51.4,,72,,HendWi00,2003
247,240,Brandon Stokley,IND,WR,27,6,3,0,0,0,0,0,0,0,,0,32,22,211,9.59,3,0,,3,,,39,61.1,64.1,50.1,,93,,StokBr00,2003
248,241,Lee Suggs,CLE,RB,23,7,0,0,0,0,0,0,56,289,5.16,2,4,2,0,0.00,0,2,1,2,,,39,40.9,44.9,39.9,,73,,SuggLe00,2003
249,242,Bethel Johnson,NWE,WR,24,15,5,0,0,0,0,0,1,-12,-12.00,0,34,16,209,13.06,2,0,,3,,,38,53.7,56.7,45.7,,94,,JohnBe00,2003
250,243,Cory Schlesinger,DET,RB,31,16,10,0,0,0,0,0,9,16,1.78,0,49,34,247,7.26,2,0,,2,,,38,72.3,75.3,55.3,,75,,SchlCo00,2003
251,244,L.J. Smith,PHI,TE,23,15,5,0,0,0,0,0,0,0,,0,46,27,321,11.89,1,1,,1,,,38,65.1,68.1,51.6,,27,,SmitL.00,2003
252,245,Brandon Bennett,CIN,RB,30,16,0,0,0,0,0,0,56,173,3.09,0,32,25,176,7.04,1,2,2,1,,,37,61.9,69.9,49.4,,76,,BennBr00,2003
253,246,Brandon Manumaleuna,STL,TE,23,16,15,0,0,0,0,0,4,15,3.75,0,45,29,238,8.21,2,0,,2,,,37,66.3,69.3,51.8,,28,,ManuBr00,2003
254,247,Derrius Thompson,MIA,WR,26,16,12,0,0,0,0,0,0,0,,0,59,26,359,13.81,0,0,,0,,,36,61.9,64.9,48.9,,95,,ThomDe00,2003
255,248,Wayne Chrebet,NYJ,WR,30,7,5,0,0,0,0,0,0,0,,0,44,27,289,10.70,1,0,,1,,,35,61.9,64.9,48.4,,97,,ChreWa00,2003
256,249,Brock Forsey,CHI,RB,23,9,2,0,0,0,0,0,50,191,3.82,2,5,3,37,12.33,0,0,,2,,,35,37.8,40.8,36.3,,77,,ForsBr00,2003
257,250,Chad Lewis,PHI,TE,32,16,14,0,0,0,0,0,0,0,,0,40,23,293,12.74,1,0,,1,,,35,58.3,61.3,46.8,,29,,LewiCh00,2003
258,251,Brandon Lloyd,SFO,WR,22,16,1,0,0,0,0,0,0,0,,0,30,14,212,15.14,2,0,,2,1,,35,49.2,52.2,42.2,,96,,LloyBr00,2003
259,252,Brian Griese,MIA,QB,28,5,5,74,130,813,5,6,5,15,3.00,0,0,0,0,,0,4,4,0,,,34,34.0,47.0,40.0,,46,,GrieBr00,2003
260,253,Terry Jones,BAL,TE,24,16,13,0,0,0,0,0,0,0,,0,25,19,159,8.37,3,0,,3,,,34,52.9,55.9,43.4,,30,,JoneTe00,2003
261,254,Mark Brunell,JAX,QB,33,3,3,54,82,484,2,0,8,19,2.38,1,0,0,0,,0,1,1,1,,,33,33.3,37.3,33.3,,47,,BrunMa00,2003
262,255,Bryan Gilmore,ARI,WR,25,14,10,0,0,0,0,0,1,0,0.00,0,45,17,208,12.24,2,0,,2,,,33,49.8,52.8,41.3,,98,,GilmBr00,2003
263,256,Maurice Morris,SEA,RB,24,16,1,0,0,0,0,0,38,239,6.29,0,6,4,32,8.00,1,2,,1,,,33,37.1,40.1,35.1,,78,,MorrMa00,2003
264,257,Matthew Hatchette,JAX,WR,29,6,4,0,0,0,0,0,0,0,,0,28,15,203,13.53,2,0,,2,,,32,47.3,50.3,39.8,,99,,HatcMa00,2003
265,258,Tim Carter,NYG,WR,24,12,2,0,0,0,0,0,0,0,,0,52,26,309,11.88,0,0,,0,,,31,56.9,59.9,43.9,,100,,CartTi00,2003
266,259,Doug Jolley,OAK,TE,24,15,9,0,0,0,0,0,0,0,,0,54,31,250,8.06,1,0,,1,,,31,62.0,65.0,46.5,,31,,JollDo00,2003
267,260,Kyle Brady,JAX,TE,31,16,15,0,0,0,0,0,0,0,,0,46,29,281,9.69,1,3,2,1,,,30,59.1,64.1,44.6,,33,,BradKy00,2003
268,261,Ken Dilger,TAM,TE,32,15,15,0,0,0,0,0,0,0,,0,41,22,244,11.09,1,1,,1,,,30,52.4,55.4,41.4,,32,,DilgKe00,2003
269,262,Chris Doering,PIT,WR,30,16,0,0,0,0,0,0,0,0,,0,30,18,240,13.33,1,0,,1,,,30,48.0,51.0,39.0,,101,,DoerCh00,2003
270,263,Stanley Pritchett,CHI,RB,30,16,11,0,0,0,0,0,21,93,4.43,2,27,18,83,4.61,0,0,,2,,,30,47.6,47.6,38.6,,79,,PritSt00,2003
271,264,Frank Wycheck,TEN,TE,32,10,6,0,0,0,0,0,0,0,,0,29,17,165,9.71,2,0,,2,,,29,45.5,48.5,37.0,,34,,WychFr00,2003
272,265,Mike Alstott,TAM,RB,30,4,3,0,0,0,0,0,27,77,2.85,2,12,10,83,8.30,0,0,,2,,,28,38.0,38.0,33.0,,81,,AlstMi00,2003
273,266,Chris Brown,TEN,RB,22,11,0,0,0,0,0,0,56,221,3.95,0,9,8,61,7.63,0,1,,0,,,28,36.2,39.2,32.2,,80,,BrowCh03,2003
274,267,Marc Edwards,JAX,RB,29,16,16,0,0,0,0,0,7,13,1.86,1,43,31,226,7.29,0,0,1,1,,,28,58.9,62.9,43.4,,82,,EdwaMa00,2003
275,268,Casey Fitzsimmons,DET,TE,23,16,11,0,0,0,0,0,0,0,,0,40,23,160,6.96,2,0,,2,,,28,51.0,54.0,39.5,,36,,FitzCa00,2003
276,269,Dominic Rhodes,IND,RB,24,11,0,0,0,0,0,0,37,157,4.24,0,7,6,62,10.33,1,0,,1,,,28,33.9,36.9,30.9,,83,,RhodDo00,2003
278,270,Wesley Walls,GNB,TE,37,14,1,0,0,0,0,0,0,0,,0,33,20,222,11.10,1,0,,1,,,28,48.2,51.2,38.2,,35,,WallWe00,2003
279,271,Fred Beasley*,SFO,RB,29,16,11,0,0,0,0,0,17,24,1.41,0,28,19,184,9.68,1,0,,1,,,27,45.8,48.8,36.3,,84,,BeasFr00,2003
280,272,Michael Lewis,NOR,WR,32,13,1,0,0,0,0,0,1,2,2.00,0,25,12,226,18.83,1,2,1,1,,,27,38.8,42.8,32.8,,102,,LewiMi00,2003
281,273,Travis Minor,MIA,RB,24,16,0,0,0,0,0,0,41,193,4.71,1,5,4,13,3.25,0,0,,1,,,27,30.6,33.6,28.6,,86,,MinoTr00,2003
282,274,Jon Ritchie,PHI,RB,29,16,7,0,0,0,0,0,1,1,1.00,0,26,17,86,5.06,3,0,,3,,,27,43.7,43.7,35.2,,85,,RitcJo00,2003
283,275,George Wrighster,JAX,TE,22,15,1,0,0,0,0,0,0,0,,0,20,13,150,11.54,2,0,,2,,,27,40.0,43.0,33.5,,37,,WrigGe00,2003
284,276,Dan Campbell,DAL,TE,27,16,16,0,0,0,0,0,0,0,,0,30,20,195,9.75,1,0,,1,,,26,45.5,48.5,35.5,,38,,CampDa00,2003
285,277,Tim Dwight,SDG,WR,28,9,3,0,0,0,0,0,9,88,9.78,0,31,14,193,13.79,0,1,1,0,,,26,40.1,44.1,33.1,,103,,DwigTi00,2003
286,278,Jesse Palmer,NYG,QB,25,6,3,60,116,532,3,4,4,23,5.75,0,0,0,0,,0,2,1,0,,,26,25.6,33.6,29.6,,48,,PalmJe00,2003
287,279,Larry Centers,NWE,RB,35,9,3,0,0,0,0,0,21,82,3.90,0,34,19,106,5.58,1,0,,1,,,25,43.8,46.8,34.3,,87,,CentLa00,2003
288,280,Jeremi Johnson,CIN,RB,23,16,13,0,0,0,0,0,15,41,2.73,1,20,15,82,5.47,1,0,,2,,,24,39.3,39.3,31.8,,88,,JohnJe00,2003
289,281,Joe Jurevicius,TAM,WR,29,5,2,0,0,0,0,0,0,0,,0,24,12,118,9.83,2,0,,2,,,24,35.8,38.8,29.8,,104,,JureJo00,2003
290,282,Nate Poole,ARI,WR,26,15,1,0,0,0,0,0,0,0,,0,19,13,177,13.62,1,0,,1,,,24,36.7,39.7,30.2,,105,,PoolNa01,2003
291,283,Nick Goings,CAR,RB,25,15,0,0,0,0,0,0,10,69,6.90,0,14,12,97,8.08,1,0,,1,,,23,34.6,34.6,28.6,,91,,GoinNi00,2003
292,284,Rex Grossman,CHI,QB,23,3,3,38,72,437,2,1,3,-1,-0.33,0,0,0,0,,0,3,,0,,,23,23.4,27.4,24.4,,49,,GrosRe00,2003
293,285,Sammy Morris,BUF,RB,26,9,0,0,0,0,0,0,19,70,3.68,1,17,14,100,7.14,0,0,,1,,,23,37.0,40.0,30.0,,90,,MorrSa00,2003
294,286,Aaron Stecker,TAM,RB,28,16,1,0,0,0,0,0,37,125,3.38,0,12,9,48,5.33,1,1,,1,,,23,32.3,35.3,27.8,,89,,StecAa00,2003
295,287,Reuben Droughns,DEN,RB,25,15,4,0,0,0,0,0,6,14,2.33,0,12,9,87,9.67,2,0,,2,,,22,31.1,31.1,26.6,,92,,DrouRe00,2003
296,288,Jason Dunn,KAN,TE,30,16,4,0,0,0,0,0,0,0,,0,8,5,35,7.00,3,0,,3,,,22,26.5,26.5,24.0,,39,,DunnJa00,2003
297,289,Jimmy Farris,ATL,WR,25,16,0,0,0,0,0,0,0,0,,0,15,6,100,16.67,2,0,,2,,,22,28.0,31.0,25.0,,106,,FarrJi00,2003
298,290,D'Wayne Bates,MIN,WR,28,10,8,0,0,0,0,0,0,0,,0,29,15,151,10.07,1,0,,1,,,21,36.1,39.1,28.6,,108,,BateDW00,2003
299,291,Jonathan Carter,NYJ,WR,24,9,0,0,0,0,0,0,0,0,,0,6,4,93,23.25,1,0,,2,,,21,25.3,25.3,23.3,,107,,CartJo01,2003
300,292,Chris Fuamatu-Ma'afala,JAX,RB,26,13,0,0,0,0,0,0,35,144,4.11,1,2,1,2,2.00,0,0,,1,,,21,21.6,24.6,21.1,,93,,FuamCh00,2003
301,293,Patrick Johnson,WAS,WR,27,16,2,0,0,0,0,0,0,0,,0,28,15,170,11.33,1,2,1,1,,,21,36.0,40.0,28.5,,109,,JohnPa00,2003
302,294,Tony Stewart,CIN,TE,24,16,7,0,0,0,0,0,0,0,,0,33,21,212,10.10,0,0,,0,,,21,42.2,45.2,31.7,,40,,StewTo00,2003
303,295,Dan Kreider,PIT,RB,26,16,12,0,0,0,0,0,7,29,4.14,1,24,9,107,11.89,0,0,,1,,,20,28.6,31.6,24.1,,95,,KreiDa00,2003
304,296,Kris Mangum,CAR,TE,30,16,11,0,0,0,0,0,0,0,,0,29,17,199,11.71,0,0,,0,,,20,36.9,39.9,28.4,,42,,MangKr00,2003
305,297,David Martin,GNB,TE,24,16,3,0,0,0,0,0,0,0,,0,17,13,79,6.08,2,0,,2,,,20,32.9,32.9,26.4,,43,,MartDa00,2003
306,298,Ed McCaffrey,DEN,WR,35,12,7,0,0,0,0,0,0,0,,0,34,19,195,10.26,0,0,,0,,,20,38.5,41.5,29.0,,112,,McCaEd00,2003
307,299,Dave Moore,BUF,TE,34,15,6,0,0,0,0,0,0,0,,0,18,7,82,11.71,2,1,,2,,,20,27.2,27.2,23.7,,41,,MoorDa00,2003
309,300,James Mungro,IND,RB,25,7,0,0,0,0,0,0,24,60,2.50,2,5,1,-4,-4.00,0,0,,2,1,,20,20.6,20.6,20.1,,96,,MungJa00,2003
310,301,Alan Ricard,BAL,RB,26,16,13,0,0,0,0,0,19,79,4.16,0,15,9,62,6.89,0,0,,1,,,20,29.1,29.1,24.6,,94,,RicaAl00,2003
311,302,Jay Riemersma,PIT,TE,30,11,7,0,0,0,0,0,0,0,,0,23,10,138,13.80,1,0,,1,,,20,29.8,32.8,24.8,,44,,RiemJa00,2003
312,303,David Tyree,NYG,WR,23,16,3,0,0,0,0,0,1,-9,-9.00,0,31,16,211,13.19,0,0,,0,,,20,36.2,39.2,28.2,,111,,TyreDa00,2003
313,304,Alvis Whitted,OAK,WR,29,16,2,0,0,0,0,0,6,37,6.17,0,24,7,106,15.14,1,0,,1,,,20,27.3,30.3,23.8,,110,,WhitAl00,2003
314,305,Justin Fargas,OAK,RB,23,10,1,0,0,0,0,0,40,203,5.08,0,3,2,2,1.00,0,1,1,0,,,19,20.5,24.5,19.5,,97,,FargJu00,2003
315,306,Teyo Johnson,OAK,TE,22,16,5,0,0,0,0,0,0,0,,0,22,14,128,9.14,1,0,,1,,,19,32.8,35.8,25.8,,46,,JohnTe00,2003
316,307,Justin Peelle,SDG,TE,24,15,9,0,0,0,0,0,0,0,,0,25,16,133,8.31,1,0,,1,,,19,35.3,38.3,27.3,,45,,PeelJu00,2003
317,308,Reggie Swinton,2TM,WR,28,12,1,0,0,0,0,0,3,11,3.67,0,16,9,100,11.11,0,4,2,2,,,19,28.1,33.1,23.6,,113,,SwinRe00,2003
318,309,Todd Yoder,TAM,TE,25,16,1,0,0,0,0,0,0,0,,0,11,7,68,9.71,2,0,,2,,,19,25.8,25.8,22.3,,47,,YodeTo00,2003
319,310,Joe Burns,BUF,RB,24,16,1,0,0,0,0,0,39,113,2.90,0,9,7,62,8.86,0,1,,0,,,18,24.5,27.5,21.0,,101,,BurnJo00,2003
320,311,Jameel Cook,TAM,RB,24,14,8,0,0,0,0,0,1,-1,-1.00,0,30,20,120,6.00,1,0,,1,,,18,37.9,40.9,27.9,,100,,CookJa00,2003
321,312,Keith Heinrich,CLE,TE,24,7,3,0,0,0,0,0,0,0,,0,9,8,64,8.00,2,0,,2,,,18,26.4,26.4,22.4,,48,,HeinKe00,2003
322,313,James Hodgins,ARI,RB,26,16,8,0,0,0,0,0,2,6,3.00,0,19,14,58,4.14,2,1,,2,,,18,32.4,32.4,25.4,,98,,HodgJa00,2003
323,314,Rob Konrad,MIA,RB,27,14,12,0,0,0,0,0,4,17,4.25,0,19,16,166,10.38,0,0,,0,,,18,34.3,37.3,26.3,,99,,KonrRo00,2003
324,315,Visanthe Shiancoe,NYG,TE,23,16,7,0,0,0,0,0,0,0,,0,23,10,56,5.60,2,0,,2,,,18,27.6,27.6,22.6,,49,,ShiaVi00,2003
325,316,Aaron Walker,SFO,TE,23,16,2,0,0,0,0,0,0,0,,0,13,8,116,14.50,1,0,,1,,,18,25.6,28.6,21.6,,50,,WalkAa00,2003
326,317,Cortez Hankton,JAX,WR,22,16,0,0,0,0,0,0,0,0,,0,41,17,166,9.76,0,0,,0,,,17,33.6,36.6,25.1,,115,,HankCo00,2003
327,318,Donald Lee,MIA,TE,23,16,5,0,0,0,0,0,0,0,,0,11,7,110,15.71,1,0,,1,,,17,24.0,27.0,20.5,,51,,LeexDo00,2003
328,319,Jermaine Lewis,JAX,WR,29,2,0,0,0,0,0,0,1,6,6.00,0,4,4,100,25.00,1,0,,1,,,17,20.6,23.6,18.6,,116,,LewiJe00,2003
329,320,Frank Sanders,BAL,WR,30,13,0,0,0,0,0,0,0,0,,0,29,14,170,12.14,0,0,,0,,,17,31.0,34.0,24.0,,114,,SandFr00,2003
330,321,Dedric Ward,2TM,WR,29,7,0,0,0,0,0,0,0,0,,0,13,7,106,15.14,1,0,,1,,,17,23.6,26.6,20.1,,117,,WardDe00,2003
331,322,Marc Boerigter,KAN,WR,25,15,0,0,0,0,0,0,0,0,,0,26,11,158,14.36,0,0,,0,,,16,26.8,29.8,21.3,,118,,BoerMa00,2003
332,323,Danny Kanell,DEN,QB,30,5,2,53,103,442,2,5,6,5,0.83,0,0,0,0,,0,3,,0,,,16,16.2,24.2,21.2,,50,,KaneDa00,2003
333,324,Lorenzo Neal,SDG,RB,33,16,15,0,0,0,0,0,18,40,2.22,1,25,16,62,3.88,0,0,,1,,,16,32.2,32.2,24.2,,102,,NealLo00,2003
334,325,Marcellus Rivers,NYG,TE,25,12,6,0,0,0,0,0,0,0,,0,22,17,155,9.12,0,0,,0,,,16,32.5,35.5,24.0,,52,,RiveMa00,2003
335,326,Steve Beuerlein,DEN,QB,38,4,2,33,63,389,2,5,5,13,2.60,0,0,0,0,,0,3,,0,,,15,14.9,22.9,19.9,,52,,BeueSt00,2003
336,327,Brad Hoover,CAR,RB,27,16,9,0,0,0,0,0,6,21,3.50,0,20,12,72,6.00,1,1,,1,,,15,27.3,27.3,21.3,,103,,HoovBr00,2003
337,328,Larry Johnson,KAN,RB,24,6,0,0,0,0,0,0,20,85,4.25,1,3,1,2,2.00,0,0,,1,,,15,15.7,15.7,15.2,,105,,JohnLa00,2003
338,329,Neil O'Donnell,TEN,QB,37,1,1,18,27,232,2,1,1,-1,-1.00,0,0,0,0,,0,0,,0,,,15,15.2,16.2,16.2,,51,,ODonNe00,2003
340,330,Musa Smith,BAL,RB,21,11,0,0,0,0,0,0,9,31,3.44,2,0,0,0,,0,1,,2,,,15,15.1,15.1,15.1,,104,,SmitMu00,2003
341,331,J.J. Stokes,2TM,WR,31,7,3,0,0,0,0,0,0,0,,0,19,15,154,10.27,0,0,,0,,,15,30.4,33.4,22.9,,119,,StokJ.00,2003
342,332,Bobby Wade,CHI,WR,22,12,1,0,0,0,0,0,5,14,2.80,0,18,12,137,11.42,0,1,,0,,,15,27.1,30.1,21.1,,120,,WadeBo00,2003
343,333,Derick Armstrong,HOU,WR,24,8,1,0,0,0,0,0,0,0,,0,13,7,75,10.71,1,0,,1,,,14,20.5,20.5,17.0,,124,,ArmsDe00,2003
344,334,Chris Baker,NYJ,TE,24,16,0,0,0,0,0,0,0,0,,0,18,14,137,9.79,0,0,,0,,,14,27.7,30.7,20.7,,56,,BakeCh00,2003
345,335,Ki-Jana Carter,NOR,RB,30,8,0,0,0,0,0,0,19,72,3.79,1,3,1,11,11.00,0,0,,1,,,14,15.3,15.3,14.8,,106,,CartKi00,2003
346,336,Cam Cleeland,STL,TE,28,16,10,0,0,0,0,0,2,-5,-2.50,0,16,10,145,14.50,0,1,,0,,,14,24.0,27.0,19.0,,54,,CleeCa00,2003
347,337,Antonio Freeman,GNB,WR,31,15,0,0,0,0,0,0,0,0,,0,22,14,141,10.07,0,0,,0,,,14,28.1,31.1,21.1,,122,,FreeAn00,2003
348,338,Reggie Kelly,CIN,TE,26,12,11,0,0,0,0,0,0,0,,0,21,13,81,6.23,1,0,,1,,,14,27.1,27.1,20.6,,53,,KellRe00,2003
349,339,Adrian Murrell,DAL,RB,33,3,0,0,0,0,0,0,28,107,3.82,0,4,4,32,8.00,0,0,,0,,,14,17.9,20.9,15.9,,107,,MurrAd00,2003
350,340,David Patten,NWE,WR,29,6,5,0,0,0,0,0,1,4,4.00,0,22,9,140,15.56,0,0,,0,,,14,23.4,26.4,18.9,,121,,PattDa00,2003
351,341,Artose Pinner,DET,RB,25,3,2,0,0,0,0,0,39,99,2.54,0,7,5,40,8.00,0,0,,0,,,14,18.9,18.9,16.4,,108,,PinnAr00,2003
352,342,Tony Richardson*,KAN,RB,32,16,10,0,0,0,0,0,24,60,2.50,0,16,12,76,6.33,0,0,,0,,,14,25.6,25.6,19.6,,109,,RichTo00,2003
353,343,Jamal Robertson,SFO,RB,26,9,0,0,0,0,0,0,32,136,4.25,0,2,0,0,,0,0,,0,,,14,13.6,16.6,13.6,,110,,RobeJa00,2003
354,344,Darnell Sanders,CLE,TE,24,16,12,0,0,0,0,0,0,0,,0,21,15,95,6.33,1,1,1,1,,,14,28.5,29.5,21.0,,57,,SandDa00,2003
355,345,Jermaine Wiggins,CAR,TE,28,16,11,0,0,0,0,0,0,0,,0,20,8,80,10.00,1,0,,1,,,14,22.0,22.0,18.0,,55,,WiggJe00,2003
356,346,Karl Williams,TAM,WR,32,13,0,0,0,0,0,0,1,2,2.00,0,17,7,114,16.29,0,0,,0,1,,14,20.6,23.6,17.1,,123,,WillKa00,2003
357,347,David Allen,JAX,RB,25,14,0,0,0,0,0,0,4,8,2.00,0,7,6,60,10.00,1,2,,1,,,13,18.8,18.8,15.8,,111,,AlleDa00,2003
358,348,Steve Bush,ARI,TE,29,16,4,0,0,0,0,0,0,0,,0,17,11,71,6.45,1,0,,1,,,13,24.1,24.1,18.6,,60,,BushSt00,2003
359,349,Steve Heiden,CLE,TE,27,9,9,0,0,0,0,0,0,0,,0,31,18,134,7.44,0,0,,0,,,13,31.4,34.4,22.4,,58,,HeidSt00,2003
360,350,Kurt Kittner,ATL,QB,23,7,4,44,114,391,2,6,8,13,1.63,0,0,0,0,,0,0,,0,,,13,12.9,21.9,18.9,,53,,KittKu00,2003
361,351,Josh Norman,SDG,TE,23,7,1,0,0,0,0,0,0,0,,0,12,6,72,12.00,1,0,,1,,,13,19.2,19.2,16.2,,59,,NormJo00,2003
362,352,Jeff Robinson,DAL,TE,33,16,0,0,0,0,0,0,0,0,,0,2,2,8,4.00,2,0,,2,,,13,14.8,14.8,13.8,,61,,RobiJe00,2003
363,353,Alex Bannister*,SEA,WR,24,16,2,0,0,0,0,0,0,0,,0,12,3,61,20.33,1,0,,1,,,12,15.1,15.1,13.6,,126,,BannAl00,2003
364,354,Erik Bickerstaff,DAL,RB,23,4,0,0,0,0,0,0,19,56,2.95,1,0,0,0,,0,0,,1,,,12,11.6,11.6,11.6,,112,,BickEr00,2003
365,355,Reche Caldwell,SDG,WR,24,9,4,0,0,0,0,0,5,39,7.80,0,34,8,80,10.00,0,0,,0,,,12,19.9,19.9,15.9,,127,,CaldRe00,2003
366,356,Jim Finn,NYG,RB,27,15,9,0,0,0,0,0,0,0,,0,20,14,115,8.21,0,0,,0,,,12,25.5,28.5,18.5,,113,,FinnJi00,2003
367,357,Quentin McCord,ATL,WR,25,9,2,0,0,0,0,0,2,2,1.00,0,23,9,121,13.44,0,0,,0,,,12,21.3,24.3,16.8,,125,,McCoQu00,2003
368,358,Shad Meier,TEN,TE,25,15,6,0,0,0,0,0,0,0,,0,19,13,159,12.23,0,1,2,0,,,12,24.9,29.9,18.4,,62,,MeieSh00,2003
369,359,Dwayne Carswell,DEN,TE,31,16,10,0,0,0,0,0,0,0,,0,18,6,53,8.83,1,0,,1,,,11,17.3,17.3,14.3,,63,,CarsDw00,2003
371,360,Jerame Tuman,PIT,TE,27,16,12,0,0,0,0,0,0,0,,0,19,12,113,9.42,0,0,,0,,,11,23.3,26.3,17.3,,64,,TumaJe00,2003
372,361,Kurt Warner,STL,QB,32,2,1,38,65,365,1,1,1,0,0.00,0,0,0,0,,0,6,3,0,,,11,10.6,17.6,11.6,,54,,WarnKu00,2003
373,362,Damien Anderson,ARI,RB,24,16,0,0,0,0,0,0,18,68,3.78,0,12,6,36,6.00,0,0,,0,,,10,16.4,16.4,13.4,,114,,AndeDa00,2003
374,363,Rickey Dudley,TAM,TE,31,7,2,0,0,0,0,0,0,0,,0,11,7,42,6.00,1,0,,1,,,10,17.2,17.2,13.7,,65,,DudlRi00,2003
375,364,Dondre Gilliam,SDG,WR,26,5,1,0,0,0,0,0,0,0,,0,8,6,95,15.83,0,0,,0,,,10,15.5,15.5,12.5,,130,,GillDo00,2003
376,365,Taylor Jacobs,WAS,WR,22,8,0,0,0,0,0,0,0,0,,0,6,3,37,12.33,1,0,,1,,,10,12.7,12.7,11.2,,129,,JacoTa00,2003
377,366,Greg Lewis,PHI,WR,23,11,0,0,0,0,0,0,0,0,,0,9,6,95,15.83,0,0,,0,,,10,15.5,15.5,12.5,,131,,LewiGr01,2003
378,367,Brian Mitchell,NYG,RB,35,16,0,0,0,0,0,0,4,20,5.00,1,5,4,38,9.50,0,5,1,1,,,10,13.8,14.8,11.8,,115,,MitcBr00,2003
379,368,Aaron Moorehead,IND,WR,23,7,0,0,0,0,0,0,0,0,,0,10,7,101,14.43,0,1,,0,,,10,17.1,20.1,13.6,,128,,MoorAa00,2003
380,369,Rabih Abdullah,CHI,RB,28,15,0,0,0,0,0,0,18,37,2.06,0,9,8,55,6.88,0,0,,0,,,9,17.2,17.2,13.2,,116,,AbduRa00,2003
381,370,Sam Gash,BUF,RB,34,16,10,0,0,0,0,0,1,3,3.00,0,13,11,83,7.55,0,1,,0,,,9,19.6,19.6,14.1,,118,,GashSa00,2003
382,371,Tony Hollings,HOU,RB,22,14,1,0,0,0,0,0,38,102,2.68,0,6,2,25,12.50,0,2,2,0,,,9,10.7,15.7,9.7,,117,,HollTo00,2003
383,372,Andre King,CLE,WR,30,15,0,0,0,0,0,0,0,0,,0,14,9,88,9.78,0,0,,0,,,9,17.8,17.8,13.3,,133,,KingAn00,2003
384,373,Shaun King,TAM,QB,26,3,0,15,22,130,1,1,4,20,5.00,0,0,0,0,,0,0,,0,,,9,9.2,10.2,10.2,,55,,KingSh00,2003
385,374,Kevin Swayne,NYJ,WR,28,15,0,0,0,0,0,0,0,0,,0,10,2,29,14.50,1,0,,1,,,9,10.9,10.9,9.9,,132,,SwayKe00,2003
386,375,Marques Tuiasosopo,OAK,QB,24,4,1,25,45,324,0,3,6,22,3.67,0,0,0,0,,0,2,,0,,,9,9.2,15.2,12.2,,56,,TuiaMa00,2003
387,376,John Avery,MIN,RB,27,6,0,0,0,0,0,0,1,0,0.00,0,4,2,24,12.00,1,1,,1,,,8,10.4,10.4,9.4,,119,,AverJo00,2003
388,377,Woodrow Dantzler,ATL,RB,24,9,0,0,1,0,0,0,8,21,2.63,1,0,0,0,,0,0,,1,,,8,8.1,8.1,8.1,,120,,DantWo00,2003
389,378,Doug Gabriel,OAK,WR,23,12,0,0,0,0,0,0,0,0,,0,1,1,17,17.00,0,0,,1,,,8,8.7,8.7,8.2,,134,,GabrDo00,2003
390,379,Verron Haynes,PIT,RB,24,12,0,0,0,0,0,0,20,63,3.15,0,10,7,57,8.14,0,2,2,0,,,8,15.0,17.0,11.5,,121,,HaynVe00,2003
391,380,Will Heller,TAM,TE,22,9,1,0,0,0,0,0,0,0,,0,4,2,15,7.50,1,0,,1,,,8,9.5,9.5,8.5,,68,,HellWi00,2003
392,381,Jabari Holloway,HOU,TE,25,15,9,0,0,0,0,0,0,0,,0,10,8,84,10.50,0,0,,0,,,8,16.4,16.4,12.4,,66,,HollJa01,2003
393,382,Bryan Johnson,WAS,RB,25,16,11,0,0,0,0,0,2,5,2.50,0,12,9,71,7.89,0,0,,0,,,8,16.6,16.6,12.1,,123,,JohnBr01,2003
394,383,Kevin Lockett,NYJ,WR,29,3,0,0,0,0,0,0,0,0,,0,7,5,76,15.20,0,0,,0,,,8,12.6,12.6,10.1,,135,,LockKe00,2003
395,384,Dustin Lyman,CHI,TE,27,9,1,0,0,0,0,0,0,0,,0,13,11,80,7.27,0,0,,0,,,8,19.0,19.0,13.5,,67,,LymaDu00,2003
396,385,Adrian Peterson,CHI,RB,24,6,1,0,0,0,0,0,22,70,3.18,0,1,1,5,5.00,0,0,,0,,,8,8.5,8.5,8.0,,124,,PeteAd00,2003
397,386,Rod Smart,CAR,RB,26,16,0,0,0,0,0,0,20,49,2.45,0,3,3,11,3.67,0,2,2,1,,,8,11.0,13.0,9.5,,122,,SmarRo00,2003
398,387,Reggie Barlow,TAM,WR,30,11,0,0,0,0,0,0,0,0,,0,6,3,27,9.00,1,1,1,1,,,7,9.7,10.7,8.2,,139,,BarlRe00,2003
399,388,Eddie Berlin,TEN,WR,25,14,0,0,0,0,0,0,0,0,,0,2,1,50,50.00,1,2,2,1,,,7,8.0,10.0,7.5,,136,,BerlEd00,2003
400,389,Todd Bouman,NOR,QB,31,4,0,7,13,81,1,0,3,1,0.33,0,0,0,0,,0,1,1,0,,1,7,7.3,8.3,7.3,,58,,BoumTo00,2003
402,390,Mark Bruener,PIT,TE,31,14,0,0,0,0,0,0,0,0,,0,6,2,12,6.00,1,0,,1,,,7,9.2,9.2,8.2,,69,,BrueMa00,2003
403,391,Jesse Chatman,SDG,RB,24,16,0,0,0,0,0,0,8,17,2.13,0,5,5,54,10.80,0,0,,0,,,7,12.1,12.1,9.6,,125,,ChatJe00,2003
404,392,Clarence Coleman,BUF,WR,23,14,0,0,0,0,0,0,0,0,,0,17,8,69,8.63,0,0,,0,,,7,14.9,14.9,10.9,,137,,ColeCl00,2003
405,393,Zeron Flemister,WAS,TE,27,12,9,0,0,0,0,0,0,0,,0,17,9,89,9.89,0,1,1,0,,,7,15.9,16.9,11.4,,71,,FlemZe00,2003
406,394,David Garrard,JAX,QB,25,2,0,9,12,86,1,0,0,0,,0,0,0,0,,0,0,,0,,,7,7.4,7.4,7.4,,57,,GarrDa00,2003
407,395,Shaun McDonald,STL,WR,22,8,1,0,0,0,0,0,2,7,3.50,0,21,10,62,6.20,0,1,,0,,,7,16.9,16.9,11.9,,138,,McDoSh00,2003
408,396,Jimmy Redmond,JAX,WR,26,12,0,0,0,0,0,0,0,0,,0,7,3,67,22.33,0,0,,0,,,7,9.7,9.7,8.2,,140,,RedmJi00,2003
409,397,O.J. Santiago,OAK,TE,29,12,7,0,0,0,0,0,0,0,,0,7,5,69,13.80,0,0,,0,,,7,11.9,11.9,9.4,,72,,SantO.00,2003
410,398,Josh Scobey,ARI,RB,24,15,0,0,0,0,0,0,0,0,,0,1,1,9,9.00,0,0,,1,,,7,7.9,7.9,7.4,,126,,ScobJo00,2003
411,399,Jerramy Stevens,SEA,TE,24,16,3,0,0,0,0,0,0,0,,0,19,6,72,12.00,0,0,,0,,,7,13.2,13.2,10.2,,70,,StevJe00,2003
412,400,R.J. Bowers,CLE,RB,29,1,0,0,0,0,0,0,0,0,,0,2,1,2,2.00,1,0,,1,,,6,7.2,7.2,6.7,,128,,BoweRJ00,2003
413,401,Avon Cobourne,DET,RB,24,7,0,0,0,0,0,0,10,27,2.70,0,9,4,30,7.50,0,0,,0,,,6,9.7,9.7,7.7,,130,,CoboAv00,2003
414,402,Eddie Drummond,DET,WR,23,6,0,0,0,0,0,0,1,1,1.00,0,0,0,0,,0,1,,1,,,6,6.1,6.1,6.1,,141,,DrumEd00,2003
415,403,Heath Evans,SEA,RB,25,14,0,0,0,0,0,0,7,24,3.43,0,2,2,34,17.00,0,0,,0,,,6,7.8,7.8,6.8,,129,,EvanHe00,2003
416,404,Ryan Neufeld,BUF,TE,28,16,1,0,0,0,0,0,1,14,14.00,0,5,3,41,13.67,0,0,,0,,,6,8.5,8.5,7.0,,73,,NeufRy00,2003
417,405,Dave Ragone,HOU,QB,24,2,2,20,40,135,0,1,6,51,8.50,0,1,1,-5,-5.00,0,4,1,0,,,6,7.0,9.0,7.5,,59,,RagoDa00,2003
418,406,Walter Rasby,NOR,TE,31,16,7,0,0,0,0,0,0,0,,0,7,6,55,9.17,0,0,,0,,,6,11.5,11.5,8.5,,74,,RasbWa00,2003
419,407,Sage Rosenfels,MIA,QB,25,2,0,4,6,50,1,0,1,-1,-1.00,0,0,0,0,,0,0,,0,,,6,5.9,5.9,5.9,,60,,RoseSa00,2003
420,408,Lamar Smith,NOR,RB,33,4,0,0,0,0,0,0,11,61,5.55,0,1,1,2,2.00,0,0,,0,,,6,7.3,7.3,6.8,,127,,SmitLa00,2003
421,409,Randal Williams,DAL,,25,15,0,0,0,0,0,0,0,0,,0,3,0,0,,0,0,,1,,,6,6.0,6.0,6.0,,142,,WillRa01,2003
422,410,Obafemi Ayanbadejo,MIA,RB,28,16,2,0,0,0,0,0,1,-2,-2.00,0,13,12,53,4.42,0,1,,0,,,5,17.1,17.1,11.1,,131,,AyanOb00,2003
423,411,Travis Brown,BUF,QB,26,2,0,14,18,160,0,1,1,5,5.00,0,0,0,0,,0,0,,0,,,5,4.9,5.9,5.9,,61,,BrowTr01,2003
424,412,Oronde Gadsden,MIA,WR,32,6,0,0,0,0,0,0,0,0,,0,9,4,48,12.00,0,0,,0,,,5,8.8,8.8,6.8,,147,,GadsOr00,2003
425,413,Hunter Goodwin,MIN,TE,31,16,5,0,0,0,0,0,0,0,,0,5,4,26,6.50,0,0,,0,1,,5,8.6,8.6,6.6,,77,,GoodHu00,2003
426,414,Shawn Jefferson,DET,WR,34,7,3,0,0,0,0,0,1,3,3.00,0,11,6,46,7.67,0,0,,0,,,5,10.9,10.9,7.9,,146,,JeffSh00,2003
427,415,David Kircus,DET,WR,23,5,2,0,0,0,0,0,0,0,,0,12,3,53,17.67,0,0,,0,,,5,8.3,8.3,6.8,,143,,KircDa00,2003
428,416,Brian Kozlowski,ATL,TE,33,16,9,0,0,0,0,0,0,0,,0,27,10,87,8.70,0,1,2,0,,,5,14.7,16.7,9.7,,76,,KozlBr00,2003
429,417,Jason McAddley,ARI,WR,24,2,0,0,0,0,0,0,0,0,,0,12,4,53,13.25,0,0,,0,,,5,9.3,9.3,7.3,,144,,McAdJa00,2003
430,418,Ahmad Merritt,CHI,WR,26,15,1,0,0,0,0,0,0,0,,0,10,3,50,16.67,0,1,,0,,,5,8.0,8.0,6.5,,145,,MerrAh00,2003
431,419,Patrick Pass,NWE,RB,26,13,1,0,0,0,0,0,6,27,4.50,0,8,4,21,5.25,0,0,,0,,,5,8.8,8.8,6.8,,133,,PassPa00,2003
433,420,Robert Royal,WAS,TE,24,6,6,0,0,0,0,0,0,0,,0,11,5,48,9.60,0,1,,0,,,5,9.8,9.8,7.3,,75,,RoyaRo00,2003
434,421,Paul Smith,DET,RB,25,7,0,0,0,0,0,0,2,5,2.50,0,6,5,45,9.00,0,0,,0,,,5,10.0,10.0,7.5,,132,,SmitPa00,2003
435,422,Sam Aiken,BUF,WR,23,5,0,0,0,0,0,0,0,0,,0,8,3,35,11.67,0,0,,0,,,4,6.5,6.5,5.0,,150,,AikeSa00,2003
436,423,Doug Chapman,MIN,RB,26,4,0,0,0,0,0,0,15,33,2.20,0,1,1,8,8.00,0,0,,0,,,4,5.1,5.1,4.6,,134,,ChapDo00,2003
437,424,Chris Cole,DEN,WR,26,11,0,0,0,0,0,0,2,8,4.00,0,8,3,36,12.00,0,1,,0,,,4,7.4,7.4,5.9,,148,,ColeCh00,2003
438,425,James Fenderson,NOR,RB,27,9,0,0,0,0,0,0,4,14,3.50,0,1,1,5,5.00,0,0,,0,1,,4,4.9,4.9,4.4,,136,,FendJa00,2003
439,426,Rob Johnson,2TM,QB,30,4,0,11,20,93,0,1,3,21,7.00,0,0,0,0,,0,0,,0,,,4,3.8,4.8,4.8,,62,,JohnRo00,2003
440,427,Kendall Newson,MIA,WR,23,6,0,0,0,0,0,0,0,0,,0,6,2,55,27.50,0,1,1,0,,,4,5.5,6.5,4.5,,151,,NewsKe00,2003
441,428,Moran Norris,HOU,RB,25,16,9,0,0,0,0,0,0,0,,0,10,7,40,5.71,0,0,,0,,,4,11.0,11.0,7.5,,135,,NorrMo00,2003
442,429,Willie Ponder,NYG,WR,23,4,0,0,0,0,0,0,0,0,,0,11,7,35,5.00,0,0,,0,,,4,10.5,10.5,7.0,,152,,PondWi00,2003
443,430,J.R. Redmond,OAK,RB,26,1,0,0,0,0,0,0,9,30,3.33,0,2,1,6,6.00,0,0,,0,,,4,4.6,4.6,4.1,,137,,RedmJ.00,2003
444,431,Mike Seidman,CAR,TE,22,12,5,0,0,0,0,0,0,0,,0,10,5,35,7.00,0,0,,0,,,4,8.5,8.5,6.0,,78,,SeidMi00,2003
445,432,Edell Shepherd,TAM,WR,23,2,0,0,0,0,0,0,0,0,,0,6,4,38,9.50,0,0,,0,,,4,7.8,7.8,5.8,,149,,ShepEd00,2003
446,433,Byron Chamberlain,WAS,TE,32,4,1,0,0,0,0,0,0,0,,0,4,4,29,7.25,0,0,,0,,,3,6.9,6.9,4.9,,82,,ChamBy00,2003
447,434,Ronald Curry,OAK,WR,24,16,2,0,0,0,0,0,1,0,0.00,0,10,5,31,6.20,0,1,,0,,,3,8.1,8.1,5.6,,153,,CurrRo01,2003
448,435,Talman Gardner,NOR,WR,23,10,1,0,0,0,0,0,0,0,,0,15,3,29,9.67,0,0,,0,,,3,5.9,5.9,4.4,,154,,GardTa00,2003
449,436,Karl Hankton,CAR,WR,33,14,0,0,0,0,0,0,0,0,,0,4,2,27,13.50,0,0,,0,,,3,4.7,4.7,3.7,,156,,HankKa00,2003
450,437,Patrick Hape,DEN,TE,29,16,0,0,0,0,0,0,0,0,,0,4,3,30,10.00,0,0,,0,,,3,6.0,6.0,4.5,,80,,HapePa00,2003
451,438,Frisman Jackson,CLE,WR,24,5,0,0,1,0,0,0,0,0,,0,5,2,29,14.50,0,0,,0,,,3,4.9,4.9,3.9,,155,,JackFr01,2003
452,439,Leon Johnson,SDG,RB,29,14,0,0,0,0,0,0,4,26,6.50,0,2,0,0,,0,1,,0,,,3,2.6,2.6,2.6,,143,,JohnLe00,2003
453,440,Delvin Joyce,NYG,RB,25,16,0,0,0,0,0,0,11,39,3.55,0,5,3,7,2.33,0,1,1,0,,,3,5.6,6.6,4.1,,144,,JoycDe00,2003
454,441,Chris Luzar,JAX,TE,24,11,1,0,0,0,0,0,0,0,,0,4,3,30,10.00,0,0,,0,,,3,6.0,6.0,4.5,,81,,LuzaCh00,2003
455,442,Chad Mustard,CLE,TE,26,10,0,0,0,0,0,0,0,0,,0,6,4,29,7.25,0,0,,0,,,3,6.9,6.9,4.9,,83,,MustCh00,2003
456,443,Jeb Putzier,DEN,TE,24,4,0,0,0,0,0,0,0,0,,0,5,4,34,8.50,0,0,,0,,,3,7.4,7.4,5.4,,79,,PutzJe00,2003
457,444,Cecil Sapp,DEN,RB,25,1,0,0,0,0,0,0,12,31,2.58,0,0,0,0,,0,0,,0,,,3,3.1,3.1,3.1,,138,,SappCe00,2003
458,445,John Simon,WAS,RB,25,4,0,0,0,0,0,0,3,9,3.00,0,3,3,21,7.00,0,1,,0,,,3,6.0,6.0,4.5,,140,,SimoJo00,2003
459,446,Terrelle Smith,NOR,RB,25,15,10,0,0,0,0,0,0,0,,0,10,6,28,4.67,0,0,,0,,,3,8.8,8.8,5.8,,142,,SmitTe00,2003
460,447,Zuriel Smith,DAL,WR,23,9,0,0,0,0,0,0,0,0,,0,3,3,46,15.33,0,3,1,0,,,3,5.6,6.6,4.1,,157,,SmitZu00,2003
461,448,Charles Stackhouse,MIN,RB,23,14,2,0,0,0,0,0,1,0,0.00,0,7,6,30,5.00,0,0,,0,,,3,9.0,9.0,6.0,,141,,StacCh00,2003
462,449,Jonathan Wells,HOU,RB,24,13,0,0,0,0,0,0,5,14,2.80,0,4,2,17,8.50,0,0,,0,,,3,5.1,5.1,4.1,,139,,WellJo00,2003
464,450,Stephen Alexander,SDG,,28,3,0,0,0,0,0,0,0,0,,0,6,0,0,,0,0,,0,1,,2,2.0,2.0,2.0,,85,,AlexSt00,2003
465,451,Bill Baber,KAN,TE,24,16,0,0,0,0,0,0,0,0,,0,1,1,20,20.00,0,0,,0,,,2,3.0,3.0,2.5,,86,,BabeBi00,2003
466,452,Antonio Brown,BUF,WR,25,16,0,0,0,0,0,0,1,17,17.00,0,0,0,0,,0,1,,0,,,2,1.7,1.7,1.7,,160,,BrowAn01,2003
467,453,Todd Collins,KAN,QB,32,5,0,9,12,74,0,0,8,-7,-0.88,0,0,0,0,,0,0,,0,,,2,2.3,2.3,2.3,,63,,CollTo00,2003
468,454,Joe Davenport,IND,TE,27,16,2,0,0,0,0,0,0,0,,0,8,3,23,7.67,0,0,,0,,,2,5.3,5.3,3.8,,84,,DaveJo00,2003
469,455,Darnell Dinkins,NYG,TE,26,7,0,0,0,0,0,0,0,0,,0,5,2,16,8.00,0,0,,0,,,2,3.6,3.6,2.6,,88,,DinkDa00,2003
470,456,Kevin Dyson,CAR,WR,28,1,0,0,0,0,0,0,0,0,,0,2,2,15,7.50,0,0,,0,,,2,3.5,3.5,2.5,,162,,DysoKe00,2003
471,457,Omar Easy,KAN,RB,26,15,0,0,0,0,0,0,0,0,,0,5,3,19,6.33,0,0,,0,,,2,4.9,4.9,3.4,,147,,EasyOm00,2003
472,458,Chris Hetherington,OAK,RB,31,14,1,0,0,0,0,0,0,0,,0,4,2,23,11.50,0,0,,0,,,2,4.3,4.3,3.3,,145,,HethCh00,2003
473,459,Keenan Howry,MIN,WR,22,16,1,0,0,0,0,0,0,0,,0,6,2,15,7.50,0,0,,0,,,2,3.5,3.5,2.5,,163,,HowrKe00,2003
474,460,Brock Huard,IND,QB,27,2,0,2,3,22,0,0,3,8,2.67,0,0,0,0,,0,1,,0,,,2,1.7,1.7,1.7,,64,,HuarBr00,2003
475,461,Kevin Kasper,ARI,WR,26,7,0,0,0,0,0,0,1,-4,-4.00,0,6,1,23,23.00,0,0,,0,,,2,2.9,2.9,2.4,,158,,KaspKe00,2003
476,462,George Layne,ATL,RB,25,3,0,0,0,0,0,0,1,15,15.00,0,2,1,3,3.00,0,0,,0,,,2,2.8,2.8,2.3,,148,,LaynGe00,2003
477,463,Jamar Martin,DAL,RB,23,14,1,0,0,0,0,0,4,7,1.75,0,4,2,9,4.50,0,0,,0,,,2,3.6,3.6,2.6,,149,,MartJa01,2003
478,464,Tee Martin,OAK,QB,25,2,0,6,16,69,0,1,5,28,5.60,0,0,0,0,,0,3,1,0,,,2,1.6,3.6,2.6,,65,,MartTe00,2003
479,465,Lee Mays,PIT,WR,25,16,0,0,0,0,0,0,0,0,,0,3,2,17,8.50,0,0,,0,,,2,3.7,3.7,2.7,,161,,MaysLe00,2003
480,466,Fred McCrary,NWE,RB,31,6,3,0,0,0,0,0,3,3,1.00,0,5,2,12,6.00,0,0,,0,,,2,3.5,3.5,2.5,,150,,McCrFr00,2003
481,467,Sultan McCullough,WAS,RB,23,1,0,0,0,0,0,0,1,9,9.00,0,3,3,13,4.33,0,0,,0,,,2,5.2,5.2,3.7,,146,,McCuSu00,2003
482,468,Kevin Walter,CIN,WR,22,11,0,0,0,0,0,0,0,0,,0,4,3,18,6.00,0,0,,0,,,2,4.8,4.8,3.3,,159,,WaltKe00,2003
483,469,Kevin Ware,WAS,TE,23,11,2,0,0,0,0,0,0,0,,0,7,3,17,5.67,0,0,,0,,,2,4.7,4.7,3.2,,87,,WareKe00,2003
484,470,Nick Luchey,GNB,RB,26,11,2,0,0,0,0,0,1,3,3.00,0,2,1,12,12.00,0,0,,0,,,2,2.5,2.5,2.0,,151,,WillNi00,2003
485,471,B.J. Askew,NYJ,RB,23,16,0,0,0,0,0,0,2,9,4.50,0,0,0,0,,0,0,,0,,,1,0.9,0.9,0.9,,152,,AskeB.00,2003
486,472,Darian Barnes,TAM,RB,23,14,0,0,0,0,0,0,0,0,,0,1,1,6,6.00,0,0,,0,,,1,1.6,1.6,1.1,,153,,BarnDa00,2003
487,473,Charlie Batch,PIT,QB,29,4,0,4,8,47,0,0,1,11,11.00,0,0,0,0,,0,1,1,0,,,1,1.0,2.0,1.0,,69,,BatcCh00,2003
488,474,Arnaz Battle,SFO,WR,23,8,0,0,0,0,0,0,2,14,7.00,0,1,0,0,,0,0,,0,,,1,1.4,1.4,1.4,,164,,BattAr00,2003
489,475,Kevin Curtis,STL,WR,25,4,1,0,0,0,0,0,0,0,,0,5,4,13,3.25,0,0,,0,,,1,5.3,5.3,3.3,,165,,CurtKe00,2003
490,476,Rohan Davey,NWE,QB,25,1,0,3,7,31,0,0,0,0,,0,0,0,0,,0,0,,0,,,1,1.2,1.2,1.2,,67,,DaveRo01,2003
491,477,Koy Detmer,PHI,QB,30,16,0,3,5,32,0,0,0,0,,0,0,0,0,,0,0,,0,,,1,1.3,1.3,1.3,,66,,DetmKo00,2003
492,478,Trent Dilfer,SEA,QB,31,5,0,4,8,31,1,1,2,-1,-0.50,0,0,0,0,,0,2,1,0,,,1,1.1,3.1,2.1,,68,,DilfTr00,2003
493,479,Terrence Edwards,ATL,WR,24,6,0,0,0,0,0,0,0,0,,0,5,1,10,10.00,0,0,,0,,,1,2.0,2.0,1.5,,167,,EdwaTe00,2003
495,480,Larry Foster,ARI,WR,27,1,1,0,0,0,0,0,0,0,,0,1,1,7,7.00,0,0,,0,,,1,1.7,1.7,1.2,,169,,FostLa00,2003
496,481,Jarious Jackson,DEN,QB,26,1,1,4,9,41,0,1,1,9,9.00,0,0,0,0,,0,0,,0,,,1,0.5,1.5,1.5,,72,,JackJa01,2003
497,482,Ron Johnson,BAL,WR,23,6,0,0,0,0,0,0,0,0,,0,3,1,12,12.00,0,0,,0,,,1,2.2,2.2,1.7,,166,,JohnRo03,2003
498,483,Derrick Lewis,NOR,WR,28,3,0,0,0,0,0,0,0,0,,0,1,1,7,7.00,0,0,,0,,,1,1.7,1.7,1.2,,170,,LewiDe00,2003
499,484,Reno Mahe,PHI,RB,23,2,0,0,0,0,0,0,0,0,,0,2,1,5,5.00,0,0,,0,,,1,1.5,1.5,1.0,,154,,MaheRe00,2003
500,485,Mike McMahon,DET,QB,24,3,0,9,31,87,0,2,5,32,6.40,0,0,0,0,,0,1,1,0,,,1,0.7,3.7,2.7,,71,,McMaMi00,2003
501,486,Rodney Peete,CAR,QB,37,1,1,4,10,19,0,0,0,0,,0,0,0,0,,0,0,,0,,,1,0.8,0.8,0.8,,70,,PeetRo00,2003
502,487,Cliff Russell,WAS,WR,24,3,0,0,0,0,0,0,0,0,,0,2,2,10,5.00,0,0,,0,,,1,3.0,3.0,2.0,,168,,RussCl00,2003
503,488,Aaron Shea,CLE,TE,27,4,2,0,0,0,0,0,0,0,,0,5,2,9,4.50,0,0,,0,,,1,2.9,2.9,1.9,,89,,SheaAa00,2003
504,489,Charlie Adams,DEN,,24,4,0,0,0,0,0,0,0,0,,0,4,0,0,,0,,,0,,,,,,,,172,,AdamCh00,2003
505,490,Dan Alexander,STL,,25,1,0,0,0,0,0,0,0,0,,0,,0,0,,0,,,0,,,,,,,,157,,AlexDa21,2003
506,491,Brian Allen,IND,,23,4,0,0,0,0,0,0,0,0,,0,0,0,0,,0,0,,0,,,,,,,,158,,AlleBr20,2003
507,492,Richard Angulo,STL,,23,5,0,0,0,0,0,0,0,0,,0,1,0,0,,0,,,0,,,,,,,,90,,AnguRi00,2003
508,493,Karsten Bailey,GNB,,26,1,0,0,0,0,0,0,0,0,,0,2,0,0,,0,,,0,,,,,,,,173,,BailKa00,2003
509,494,Eugene Baker,CAR,,27,1,0,0,0,0,0,0,0,0,,0,,0,0,,0,,,0,,,,,,,,174,,BakeEu00,2003
510,495,Mike Banks,ARI,,24,6,0,0,0,0,0,0,0,0,,0,0,0,0,,0,,,0,,,,,,,,91,,BankMi20,2003
511,496,Bradford Banta,DET,,33,13,0,0,0,0,0,0,0,0,,0,0,0,0,,0,,,0,,,,,,,,92,,BantBr00,2003
512,497,Mike Bartrum,PHI,,33,16,0,0,0,0,0,0,0,0,,0,1,0,0,,0,,,0,,,,,,,,93,,BartMi00,2003
513,498,Michael Bates,2TM,,34,9,0,0,0,0,0,0,0,0,,0,0,0,0,,0,0,,0,,,,,,,,159,,BateMi00,2003
514,499,Marco Battaglia,CAR,,30,2,0,0,0,0,0,0,0,0,,0,,0,0,,0,,,0,,,,,,,,94,,BattMa00,2003
515,500,Fred Baxter,NWE,,32,12,0,0,0,0,0,0,0,0,,0,2,0,0,,0,,,0,,,,,,,,95,,BaxtFr00,2003
516,501,Sean Berton,MIN,,24,16,0,0,0,0,0,0,0,0,,0,0,0,0,,0,0,,0,,,,,,,,96,,BertSe00,2003
517,502,Sean Brewer,ATL,,26,9,0,0,0,0,0,0,0,0,,0,,0,0,,0,,,0,,,,,,,,97,,BrewSe20,2003
518,503,Dee Brown,PIT,,25,1,0,0,0,0,0,0,0,0,,0,,0,0,,0,,,0,,,,,,,,160,,BrowDe02,2003
519,504,Arland Bruce,SFO,,26,2,0,0,0,0,0,0,0,0,,0,0,0,0,,0,1,,0,,,,,,,,175,,BrucAr20,2003
520,505,Kerry Carter,SEA,RB,23,16,0,0,0,0,0,0,3,-2,-0.67,0,0,0,0,,0,0,,0,,,,-0.2,-0.2,-0.2,,171,,CartKe01,2003
521,506,Antonio Chatman,GNB,,24,16,0,0,0,0,0,0,0,0,,0,1,0,0,,0,0,,0,,,,,,,,176,,ChatAn00,2003
522,507,Kenny Clark,MIN,,25,1,0,0,0,0,0,0,0,0,,0,0,0,0,,0,0,,0,,,,,,,,177,,ClarKe22,2003
523,508,Greg Comella,HOU,,28,5,0,0,0,0,0,0,0,0,,0,1,0,0,,0,,,0,,,,,,,,1,,ComeGr00,2003
524,509,Phillip Crosby,BUF,,27,3,0,0,0,0,0,0,0,0,,0,0,0,0,,0,,,0,,,,,,,,2,,CrosPh00,2003
526,510,Dan Curley,STL,,25,1,0,0,0,0,0,0,0,0,,0,,0,0,,0,,,0,,,,,,,,3,,CurlDa20,2003
527,511,Matt Cushing,PIT,,28,4,0,0,0,0,0,0,0,0,,0,,0,0,,0,,,0,,,,,,,,98,,CushMa00,2003
528,512,Chris Davis,SEA,,24,1,0,0,0,0,0,0,0,0,,0,,0,0,,0,,,0,,,,,,,,4,,DaviCh24,2003
529,513,Nick Davis,MIN,,24,1,0,0,0,0,0,0,0,0,,0,0,0,0,,0,,,0,,,,,,,,178,,DaviNi00,2003
530,514,James Dearth,NYJ,,27,16,0,0,0,0,0,0,0,0,,0,0,0,0,,0,,,0,,,,,,,,99,,DearJa00,2003
531,515,Ty Detmer,DET,,36,1,0,0,0,0,0,0,0,0,,0,,0,0,,0,,,0,,,,,,,,76,,DetmTy00,2003
532,516,Kori Dickerson,PHI,,25,2,0,0,0,0,0,0,0,0,,0,0,0,0,,0,,,0,,,,,,,,100,,DickKo20,2003
533,517,LaTarence Dunbar,ATL,,23,5,0,0,0,0,0,0,0,0,,0,0,0,0,,0,,,0,,,,,,,,179,,DunbLa20,2003
534,518,Chris Edmonds,CIN,,25,4,0,0,0,0,0,0,0,0,,0,0,0,0,,0,,,0,,,,,,,,5,,EdmoCh20,2003
535,519,John Gilmore,CHI,,24,15,1,0,0,0,0,0,0,0,,0,1,0,0,,0,0,,0,,,,,,,,101,,GilmJo00,2003
536,520,Joey Goodspeed,STL,,25,8,4,0,0,0,0,0,0,0,,0,1,0,0,,0,0,,0,,,,,,,,6,,GoodJo00,2003
537,521,Gibran Hamdan,WAS,QB,22,1,0,1,2,7,0,0,0,0,,0,0,0,0,,0,0,,0,,,,0.3,0.3,0.3,,73,,HamdGi00,2003
538,522,Lawrence Hamilton,CIN,,23,5,1,0,0,0,0,0,0,0,,0,3,0,0,,0,,,0,,,,,,,,180,,HamiLa20,2003
539,523,Ryan Hannam,SEA,,23,5,0,0,0,0,0,0,0,0,,0,0,0,0,,0,0,,0,,,,,,,,102,,HannRy00,2003
540,524,Dwone Hicks,TEN,,22,3,0,0,0,0,0,0,0,0,,0,0,0,0,,0,,,0,,,,,,,,161,,HickDw20,2003
541,525,Darrell Hill,TEN,,24,12,0,0,0,0,0,0,0,0,,0,0,0,0,,0,,,0,,,,,,,,181,,HillDa20,2003
542,526,Zachary Hilton,NOR,,23,3,0,0,0,0,0,0,0,0,,0,1,0,0,,0,,,0,,,,,,,,103,,HiltZa00,2003
543,527,Nathan Hodel,ARI,,26,16,0,0,0,0,0,0,0,0,,0,0,0,0,,0,,,0,,,,,,,,104,,HodeNa20,2003
544,528,T.J. Houshmandzadeh,CIN,,26,2,0,0,0,0,0,0,0,0,,0,,0,0,,0,,,0,,,,,,,,182,,HousTJ00,2003
545,529,Damon Huard,NWE,QB,30,2,0,0,1,0,0,0,1,-1,-1.00,0,0,0,0,,0,0,,0,,,,-0.1,-0.1,-0.1,,77,,HuarDa00,2003
546,530,Chad Hutchinson,DAL,QB,26,1,0,1,2,8,0,0,2,-3,-1.50,0,0,0,0,,0,0,,0,,,,,,,,75,,HutcCh00,2003
547,531,Jasen Isom,SFO,,26,2,0,0,0,0,0,0,0,0,,0,,0,0,,0,,,0,,,,,,,,7,,IsomJa00,2003
548,532,Chris Jackson,GNB,,28,1,0,0,0,0,0,0,0,0,,0,0,0,0,,0,,,0,,,,,,,,183,,JackCh23,2003
549,533,Nate Jackson,DEN,,24,1,0,0,0,0,0,0,0,0,,0,2,0,0,,0,,,0,,,,,,,,184,,JackNa00,2003
550,534,Ray Jackson,TEN,,25,1,0,0,0,0,0,0,0,0,,0,0,0,0,,0,0,,0,,,,,,,,162,,JackRa21,2003
551,535,Terry Jackson,SFO,,27,16,0,0,0,0,0,0,0,0,,0,0,0,0,,0,0,,0,,,,,,,,8,,JackTe00,2003
552,536,Ronney Jenkins,OAK,,26,7,0,0,0,0,0,0,0,0,,0,1,0,0,,0,0,,0,,,,,,,,163,,JenkRo00,2003
553,537,Brian Jennings,SFO,,27,16,0,0,0,0,0,0,0,0,,0,0,0,0,,0,,,0,,,,,,,,105,,JennBr00,2003
554,538,Travis Jervey,ATL,,31,15,0,0,0,0,0,0,0,0,,0,0,0,0,,0,1,,0,,,,,,,,164,,JervTr00,2003
555,539,Albert Johnson,NYJ,,26,1,0,0,0,0,0,0,0,0,,0,0,0,0,,0,0,,0,,,,,,,,185,,JohnAl23,2003
557,540,Robert Johnson,CHI,,23,1,0,0,0,0,0,0,0,0,,0,,0,0,,0,,,0,,,,,,,,106,,JohnRo04,2003
558,541,John Jones,BAL,,28,11,0,0,0,0,0,0,0,0,,0,0,0,0,,0,,,0,,,,,,,,107,,JoneJo00,2003
559,542,James Jordan,SFO,,25,1,0,0,0,0,0,0,0,0,,0,0,0,0,,0,,,0,,,,,,,,186,,JordJa20,2003
560,543,Rashod Kent,HOU,,23,7,4,0,0,0,0,0,0,0,,0,1,0,0,,0,,,0,,,,,,,,108,,KentRa20,2003
561,544,Brian Kinchen,NWE,,38,2,0,0,0,0,0,0,0,0,,0,,0,0,,0,,,0,,,,,,,,109,,KincBr00,2003
562,545,Mike Leach,DEN,,27,16,0,0,0,0,0,0,0,0,,0,,0,0,,0,,,0,,,,,,,,110,,LeacMi00,2003
563,546,Brody Liddiard,MIN,,26,16,0,0,0,0,0,0,0,0,,0,0,0,0,,0,,,0,,,,,,,,111,,LiddBr20,2003
564,547,Nick Maddox,CLE,,23,1,0,0,0,0,0,0,0,0,,0,0,0,0,,0,1,,0,,,,,,,,165,,MaddNi20,2003
565,548,Adrian Madise,DEN,WR,23,11,0,0,0,0,0,0,1,10,10.00,0,3,2,10,5.00,0,1,1,0,,,,2.0,3.0,1.0,,187,,MadiAd00,2003
566,549,Cecil Martin,TAM,,28,1,0,0,0,0,0,0,0,0,,0,,0,0,,0,,,0,,,,,,,,11,,MartCe00,2003
567,550,Grant Mattos,SDG,,22,6,0,0,0,0,0,0,0,0,,0,1,0,0,,0,,,0,,,,,,,,188,,MattGr20,2003
568,551,Sean McDermott,2TM,,27,6,0,0,0,0,0,0,0,0,,0,,0,0,,0,,,0,,,,,,,,112,,McDeSe20,2003
569,552,Tony McGee,2TM,,32,4,0,0,0,0,0,0,0,0,,0,1,0,0,,0,,,0,,,,,,,,113,,McGeTo00,2003
570,553,Jason McKie,CHI,,23,6,0,0,0,0,0,0,0,0,,0,0,0,0,,0,,,0,,,,,,,,12,,McKiJa00,2003
571,554,Kevin McLeod,CLE,,29,1,1,0,0,0,0,0,0,0,,0,,0,0,,0,,,0,,,,,,,,13,,McLeKe00,2003
572,555,Billy McMullen,PHI,WR,23,5,0,0,0,0,0,0,0,0,,0,3,1,2,2.00,0,0,,0,,,,1.2,1.2,0.7,,171,,McMuBi00,2003
573,556,Sean Morey,PHI,,27,16,0,0,0,0,0,0,0,0,,0,0,0,0,,0,1,,0,,,,,,,,189,,MoreSe00,2003
574,557,Harold Morrow,BAL,,30,14,0,0,0,0,0,0,0,0,,0,0,0,0,,0,,,0,,,,,,,,14,,MorrHa00,2003
575,558,J.J. Moses,HOU,,24,15,0,0,0,0,0,0,0,0,,0,0,0,0,,0,0,,0,,,,,,,,190,,MoseJ.00,2003
576,559,Ovie Mughelli,BAL,,23,6,0,0,0,0,0,0,0,0,,0,0,0,0,,0,,,0,,,,,,,,15,,MughOv00,2003
577,560,Matt Murphy,HOU,,23,1,0,0,0,0,0,0,0,0,,0,0,0,0,,0,,,0,,,,,,,,114,,MurpMa00,2003
578,561,Craig Nall,GNB,QB,24,1,0,0,0,0,0,0,2,-2,-1.00,0,0,0,0,,0,0,,0,,,,-0.2,-0.2,-0.2,,78,,NallCr00,2003
579,562,Larry Ned,MIN,,25,3,0,0,0,0,0,0,0,0,,0,0,0,0,,0,,,0,,,,,,,,166,,NedxLa00,2003
580,563,John Owens,DET,,23,7,1,0,0,0,0,0,0,0,,0,0,0,0,,0,,,0,,,,,,,,115,,OwenJo00,2003
581,564,Doug Pederson,GNB,QB,35,16,0,2,2,16,0,0,6,-5,-0.83,0,0,0,0,,0,0,,0,,,,0.1,0.1,0.1,,74,,PedeDo00,2003
582,565,Derek Rackley,ATL,,26,16,1,0,0,0,0,0,0,0,,0,0,0,0,,0,,,0,,,,,,,,116,,RackDe00,2003
583,566,Gabe Reid,CHI,,26,1,0,0,0,0,0,0,0,0,,0,,0,0,,0,,,0,,,,,,,,117,,ReidGa00,2003
584,567,Joffrey Reynolds,STL,,24,4,0,0,0,0,0,0,0,0,,0,0,0,0,,0,0,,0,,,,,,,,167,,ReynJo20,2003
585,568,Charlie Rogers,MIA,,27,11,0,0,0,0,0,0,0,0,,0,1,0,0,,0,2,,0,,,,,,,,168,,RogeCh00,2003
586,569,Micah Ross,2TM,,27,7,0,0,0,0,0,0,0,0,,0,0,0,0,,0,,,0,,,,,,,,191,,RossMi20,2003
588,570,Jake Schifino,TEN,,24,13,0,0,0,0,0,0,0,0,,0,1,0,0,,0,0,,0,,,,,,,,192,,SchiJa20,2003
589,571,Sam Simmons,MIA,,24,11,0,0,0,0,0,0,0,0,,0,2,0,0,,0,0,,0,,,,,,,,193,,SimmSa20,2003
590,572,Ken Simonton,BUF,RB,24,2,0,0,0,0,0,0,2,4,2.00,0,0,0,0,,0,0,,0,,,,0.4,0.4,0.4,,155,,SimoKe00,2003
591,573,David Sloan,NOR,,31,4,0,0,0,0,0,0,0,0,,0,,0,0,,0,,,0,,,,,,,,118,,SloaDa00,2003
592,574,Detron Smith,IND,,29,11,0,0,0,0,0,0,0,0,,0,0,0,0,,0,0,,0,,,,,,,,169,,SmitDe00,2003
593,575,Justin Snow,IND,,27,16,0,0,0,0,0,0,0,0,,0,0,0,0,,0,,,0,,,,,,,,119,,SnowJu00,2003
594,576,Brad St. Louis,CIN,,27,16,0,0,0,0,0,0,0,0,,0,,0,0,,0,,,0,,,,,,,,120,,StLoBr00,2003
595,577,John Stone,OAK,,24,1,0,0,0,0,0,0,0,0,,0,,0,0,,0,,,0,,,,,,,,194,,StonJo00,2003
596,578,Stephen Trejo,DET,RB,26,16,0,0,0,0,0,0,0,0,,0,1,1,2,2.00,0,0,,0,,,,1.2,1.2,0.7,,156,,TrejSt00,2003
597,579,Taco Wallace,SEA,,22,1,0,0,0,0,0,0,0,0,,0,,0,0,,0,,,0,,,,,,,,195,,WallTa00,2003
598,580,Kenny Watson,CIN,,25,8,0,0,0,0,0,0,0,0,,0,0,0,0,,0,1,,0,,,,,,,,170,,WatsKe00,2003
599,581,James Whalen,DAL,,26,7,0,0,0,0,0,0,0,0,,0,0,0,0,,0,,,0,,,,,,,,121,,WhalJa00,2003
600,582,Daniel Wilcox,TAM,,26,2,0,0,0,0,0,0,0,0,,0,,0,0,,0,,,0,,,,,,,,122,,WilcDa01,2003
601,583,Terrence Wilkins,IND,,28,3,0,0,0,0,0,0,0,0,,0,0,0,0,,0,1,,0,,,,,,,,196,,WilkTe00,2003
602,584,James Williams,DET,,25,1,0,0,0,0,0,0,0,0,,0,1,0,0,,0,,,0,,,,,,,,197,,WillJa01,2003
603,585,Roland Williams,TAM,,28,1,0,0,0,0,0,0,0,0,,0,,0,0,,0,,,0,,,,,,,,123,,WillRo01,2003
604,586,Walter Young,CAR,,24,7,0,0,0,0,0,0,0,0,,0,5,0,0,,0,,,0,,,,,,,,198,,YounWa00,2003
605,587,Joe Zelenka,JAX,,27,16,0,0,0,0,0,0,0,0,,0,0,0,0,,0,,,0,,,,,,,,124,,ZeleJo00,2003
606,588,Fred McAfee,NOR,RB,35,14,0,0,0,0,0,0,1,13,13.00,0,0,0,0,,0,1,1,0,,,-1,-0.7,0.3,-0.7,,172,,McAfFr00,2003
607,589,Spencer Nead,STL,RB,26,10,0,0,0,0,0,0,0,0,,0,1,1,6,6.00,0,1,1,0,,,-1,-0.4,0.6,-0.9,,173,,NeadSp00,2003
608,590,Brad Pyatt,IND,WR,23,8,0,0,0,0,0,0,0,0,,0,1,1,2,2.00,0,2,1,0,,,-2,-0.8,0.2,-1.3,,199,,PyatBr00,2003
609,591,LaShaun Ward,KAN,,23,1,0,0,0,0,0,0,0,0,,0,0,0,0,,0,1,1,0,,,-2,-2.0,-1.0,-2.0,,200,,WardLa20,2003
610,592,Chris Redman,BAL,QB,26,2,0,7,13,58,0,2,2,4,2.00,0,0,0,0,,0,3,2,0,,,-5,-5.3,-1.3,-3.3,,80,,RedmCh00,2003
611,593,Alex Van Pelt,BUF,QB,33,6,0,5,12,49,0,3,4,-6,-1.50,0,0,0,0,,0,0,,0,,,-5,-4.6,-1.6,-1.6,,79,,VanPAl00,2003
